"identificador de la publicación","Identificador de la página","Nombre de la página",Título,Descripción,"Duración (segundos)","Hora de publicación","Tipo de subtítulo","Enlace permanente","Se usa en varias publicaciones","Tipo de publicación",Idiomas,"Etiquetas personalizadas","Estado ""Contenido financiado""",Comentario,Fecha,Comentarios,"Me gusta","Veces compartido",Interacciones,"Segundos reproducidos","Personas alcanzadas",Impresiones,"Reproducción de vídeo de 3 segundos","Reproducciones de vídeo de 60 segundos","Otros clics","Visualizaciones de fotos","Clics en el enlace","Total de clics","Tiempo medio dedicado al artículo","Segundos reproducidos de media","Profundidad de desplazamiento diaria en el artículo","Comentarios negativos únicos de los usuarios: Ocultar","Comentarios negativos únicos de los usuarios: Ocultar todo"
522579752724632,103185414664070,"Philosophical Gym Bro","Actualización de estado",,0,"04/19/2022 17:04",N/A,https://www.facebook.com/GymKingSadBoi/posts/pfbid02Py3neXJb8YYKKttJ7V7zSr66vdQhTHuAzgHAgZhBfweeFWacvBgDY2B7o4zKRzCSl,0,Foto,,,,,Total,0,30,1,31,0,1282,1361,0,0,51,125,,176,0,0,0,,
523579602624647,103185414664070,"Philosophical Gym Bro","Actualización de estado",,0,"04/21/2022 08:04",N/A,https://www.facebook.com/GymKingSadBoi/posts/pfbid027JRvswnTyFnpQpqCeLJTFeFnwTDq69DvhBdqxqdiV8KRrHL6b1wp8TqsJCArMh5ol,0,Foto,,,,,Total,1,22,3,26,0,1623,1684,0,0,52,158,,210,0,0,0,,
523744092608198,103185414664070,"Philosophical Gym Bro",,,0,"04/21/2022 14:04",N/A,https://www.facebook.com/GymKingSadBoi/posts/pfbid02FU5J6v52JudiJkm4ywFJLYyDiX2qMSb7oVsUbCzYsH7yofkHA9FqeGUXZTwrTw8Tl,0,Foto,,,,,Total,3,42,7,52,0,1288,1304,0,0,77,7,,84,0,0,0,,
524470095868931,103185414664070,"Philosophical Gym Bro","Actualización de estado",,0,"04/22/2022 17:04",N/A,https://www.facebook.com/GymKingSadBoi/posts/pfbid02pjbhVej8jzSXR9QCXTh9eXJXxEZXEgRjds4TRrYPokHtkr3UCR4Nn95kndN1hVS9l,0,Foto,,,,,Total,2,62,7,71,0,1887,1929,0,0,117,36,,153,0,0,0,,
524605615855379,103185414664070,"Philosophical Gym Bro","Actualización de estado","I'm a 6",0,"04/22/2022 22:04",N/A,https://www.facebook.com/GymKingSadBoi/posts/pfbid02sUwH1LtKEXsG1GZMiuL8zGFmG6Eyoc9DgwyvsVVvGQHcB9NWy6Fr7qJVnS2R12Uvl,0,Foto,,,,,Total,9,28,2,39,0,2784,2894,0,0,317,199,,516,0,0,0,,
525004065815534,103185414664070,"Philosophical Gym Bro","Actualización de estado",,0,"04/23/2022 13:04",N/A,https://www.facebook.com/GymKingSadBoi/posts/pfbid02i9N3gK9wSz3APYZSJW3wwHGVjageDyXNqTica6YBwf5rGAgCm54KDmrS96WKsZRSl,0,Foto,,,,,Total,1,58,3,62,0,1935,2009,0,0,103,17,,120,0,0,0,,
525314392451168,103185414664070,"Philosophical Gym Bro","Fotos de la biografía",,0,"04/24/2022 02:04",N/A,https://www.facebook.com/GymKingSadBoi/posts/pfbid02EnKem9M4P39PH4aEZcrVtFdYzK88T48jvvaFxergp2zLxX6k4dmuCL6zLTXzcJn4l,0,Foto,,,,,Total,0,14,3,17,0,1168,1234,0,0,16,19,,35,0,0,0,,
525774752405132,103185414664070,"Philosophical Gym Bro","Actualización de estado",,0,"04/24/2022 20:04",N/A,https://www.facebook.com/GymKingSadBoi/posts/pfbid02kYPSZ5HwReJFf8fkC4BPXXfiBSCSnGZpmCVMPdMcxk9fEbz1paKz2wQZtKmHqQDSl,0,Foto,,,,,Total,9,61,15,85,0,1860,2050,0,0,143,101,,244,0,0,0,,
526326235683317,103185414664070,"Philosophical Gym Bro","Actualización de estado",,0,"04/25/2022 18:04",N/A,https://www.facebook.com/GymKingSadBoi/posts/pfbid024ApBGufG6CEBfR7DSjYgLnwubuiEQJZusCigYGta95hP117V2pxFcLRpALQg8XYel,0,Foto,,,,,Total,4,149,17,170,0,2719,2835,0,0,249,66,,315,0,0,0,,
526791188970155,103185414664070,"Philosophical Gym Bro","Actualización de estado","Timely repost",0,"04/26/2022 11:04",N/A,https://www.facebook.com/GymKingSadBoi/posts/pfbid02yq5pSY6amb1FEEZAuiuG21VkyyhrgSyiAgvyZ6m1SnaqAER1nxdhcHXAmS8YTF2gl,0,Foto,,,,,Total,0,19,3,22,0,1129,1205,0,0,4,3,,7,0,0,0,,
526912262291381,103185414664070,"Philosophical Gym Bro",,"""A wonderful musical experience simulating the imaginative life of an NPC from Disney Studios.""",0,"04/26/2022 17:04",N/A,https://www.facebook.com/GymKingSadBoi/posts/pfbid02wjkWi8wsWaaU24DKWVXETsMUmYufkGtEaK57CeHUphVybSnhGQ5DECcsss75iTu4l,0,Foto,,,,,Total,1,7,2,10,0,810,887,0,0,,8,,8,0,0,0,,
526935508955723,103185414664070,"Philosophical Gym Bro","Actualización de estado",,0,"04/26/2022 18:04",N/A,https://www.facebook.com/GymKingSadBoi/posts/pfbid02DYu6QbkTEHCU4WjU4kpAPiReSQx9iVhFBmDYD6asDd3qsFWYH3ziFJnfMKcGcUM6l,0,Foto,,,,,Total,3,107,32,142,0,2776,2861,0,0,142,83,,225,0,0,0,,
527760525539888,103185414664070,"Philosophical Gym Bro","Actualización de estado",,0,"04/27/2022 23:04",N/A,https://www.facebook.com/GymKingSadBoi/posts/pfbid0ousigJonUgATVzqMf4pN5m77QCJHnGA5KUEnwARpAm1hKkfG22TLW61iDAeYyr8Sl,0,Foto,,,,,Total,8,56,5,69,0,1763,1884,0,0,103,12,,115,0,0,0,,
529448822037725,103185414664070,"Philosophical Gym Bro",,,0,"04/30/2022 09:04",N/A,https://www.facebook.com/GymKingSadBoi/posts/pfbid02dsM7L49m81S61nLYWBJ9okmSK2a2NiD9aVFwx44xAfSvzHxdB6o1YPQbEyLJWEmKl,0,Foto,,,,,Total,4,156,19,179,0,3941,4054,0,0,125,56,,181,0,0,0,,
529578808691393,103185414664070,"Philosophical Gym Bro","Actualización de estado",,0,"04/30/2022 15:04",N/A,https://www.facebook.com/GymKingSadBoi/posts/pfbid0G3GwwkQfxxPeQYbxQd6ipLtkgztGoq5W2jCMmAanBTqPWHLzDAvp8JbocrhpVYqol,0,Foto,,,,,Total,1,28,1,30,0,1416,1487,0,0,49,20,,69,0,0,0,,
529844375331503,103185414664070,"Philosophical Gym Bro","Wild Green Memes for Ecological Fiends",bugge,0,"05/01/2022 01:05",N/A,https://www.facebook.com/GymKingSadBoi/posts/pfbid0ctfj86LtjEhsLjxxRUvXB8P3EAxSSuoanbvPC8HUs74Cpsgj3K5CYRNfYmgrXSMxl,0,Otro,,,,,Total,3,34,2,39,0,1666,1727,0,0,51,25,,76,0,0,0,,
530562885259652,103185414664070,"Philosophical Gym Bro",,"Easter? I hardly even know 'er!
OC",0,"05/02/2022 05:05",N/A,https://www.facebook.com/GymKingSadBoi/posts/pfbid0Dyh1mpyTQAxYq8kBGyf2EgiLmPk2uyNv7ZtUMYkUXUHEUUMzCTKNs6n3MGwhFWBjl,0,Foto,,,,,Total,0,13,2,15,0,931,1001,0,0,9,5,,14,0,0,0,,
530671531915454,103185414664070,"Philosophical Gym Bro","Actualización de estado",,0,"05/02/2022 08:05",N/A,https://www.facebook.com/GymKingSadBoi/posts/pfbid02MZoha81wTcgxvddMq2RLREes8wvrwHma5YKqBH4ZpvYoHcte91d1GsXpvdmqZjUQl,0,Foto,,,,,Total,1,77,13,91,0,2460,2562,0,0,174,63,,237,0,0,0,,
530858135230127,103185414664070,"Philosophical Gym Bro","Actualización de estado",,0,"05/02/2022 15:05",N/A,https://www.facebook.com/GymKingSadBoi/posts/pfbid02rmSHYL5xTC2wRJM9xnugitbmJtG2nHY5EPhqh2fQmApNBKRBgFy2Vw4qz3wCB6PXl,0,Foto,,,,,Total,0,20,2,22,0,823,895,0,0,75,26,,101,0,0,0,,
531481551834452,103185414664070,"Philosophical Gym Bro","Asian Spiritual Shitposting (ASS)",,0,"05/03/2022 11:05",N/A,https://www.facebook.com/GymKingSadBoi/posts/pfbid02PL8qG2CmLfrVaTmRpjm3K7fC3jR5vt1ZTYmdM8FWZCeikTvtwaTbfBX5Ptr4zMmjl,0,Otro,,,,,Total,1,52,15,68,0,2228,2345,0,0,90,58,,148,0,0,0,,
531817628467511,103185414664070,"Philosophical Gym Bro","Actualización de estado",,0,"05/03/2022 23:05",N/A,https://www.facebook.com/GymKingSadBoi/posts/pfbid0ewAKTzEN1Y6aXvASFmuUvvnQkP14ABvbM49JomZvehztisyjUuEpfeeSBDVUyACnl,0,Foto,,,,,Total,4,109,19,132,0,2418,2557,0,0,115,32,,147,0,0,0,,
534978594818081,103185414664070,"Philosophical Gym Bro","Actualización de estado",,0,"05/08/2022 15:05",N/A,https://www.facebook.com/GymKingSadBoi/posts/pfbid03J2qjtcDqEXt42KeajPMGDS6Kp5YSSW2XyvwXmGiqGQpefnzkMNN4VkM1YKGxdMjl,0,Foto,,,,,Total,0,26,6,32,0,1520,1628,0,0,50,23,,73,0,0,0,,
535023318146942,103185414664070,"Philosophical Gym Bro","Actualización de estado",,0,"05/08/2022 17:05",N/A,https://www.facebook.com/GymKingSadBoi/posts/pfbid0FnRUSx8DsMuY3XVVr5KxB3kqo73r2YDNPdqMguM7jHJUtFTT6ThzjXFAoxPAYFjal,0,Foto,,,,,Total,1,26,2,29,0,1961,2045,0,0,109,33,,142,0,0,0,,
536178118031462,103185414664070,"Philosophical Gym Bro","Actualización de estado",,0,"05/10/2022 08:05",N/A,https://www.facebook.com/GymKingSadBoi/posts/pfbid0XXXdWh6yoXkmRoRmtBjMM5Yh46MQCQkGbh3rEDcMfbnMSLf59RtniQzG457fonpwl,0,Foto,,,,,Total,1,99,13,113,0,2379,2479,0,0,92,72,,164,0,0,0,,
536362948012979,103185414664070,"Philosophical Gym Bro",,OC.,0,"05/10/2022 14:05",N/A,https://www.facebook.com/GymKingSadBoi/posts/pfbid0xGzB6ZLgJ7iZW6DsetRHoHb6bU2dFkPdZ24AfPueajJYcdpeccYUjtZL7utfouUFl,0,Foto,,,,,Total,0,22,3,25,0,1018,1073,0,0,2,6,,8,0,0,0,,
536841621298445,103185414664070,"Philosophical Gym Bro","Actualización de estado",,11,"05/11/2022 07:05",N/A,https://www.facebook.com/GymKingSadBoi/posts/pfbid031yh8DnFS35GJx9xBfSwSNPxbVy2g7qVp6cqSsWeNT1Fo46KdYZ4BWrCSEXhmfGCQl,0,Vídeo,,,,,Total,0,34,0,34,0,1312,1324,544,0,150,,,150,0,0,0,,
537100864605854,103185414664070,"Philosophical Gym Bro",,"Long meme.",0,"05/11/2022 16:05",N/A,https://www.facebook.com/GymKingSadBoi/posts/pfbid02vtwA2nDiNJkzahgaVtTLEAQTTPfYTFRqRz2f9MtkFA9MMFfYyLHhczXjFwvCQTkGl,0,Foto,,,,,Total,2,94,7,103,0,3996,4286,0,0,134,224,,358,0,0,0,,
537576551224952,103185414664070,"Philosophical Gym Bro","Actualización de estado",,0,"05/12/2022 09:05",N/A,https://www.facebook.com/GymKingSadBoi/posts/pfbid02cNk6mLeUvf4iSEPD3ftBUU6AUr1ok7oT5192d4cdx7mABPnPTqokkEAXN6CZfunJl,0,Foto,,,,,Total,0,118,11,129,0,3032,3079,0,0,337,267,,604,0,0,0,,
537579094558031,103185414664070,"Philosophical Gym Bro",,"Shamelessly stolen",0,"05/12/2022 09:05",N/A,https://www.facebook.com/GymKingSadBoi/posts/pfbid02XHDntvLLkrwDGFwYdyBtZNvCALKjbhNFM2ngjNJKeFPyGjW2ucvc2rsFMRnhoQbLl,0,Foto,,,,,Total,2,77,15,94,0,2149,2254,0,0,33,25,,58,0,0,0,,
537887141193893,103185414664070,"Philosophical Gym Bro","Actualización de estado",,0,"05/12/2022 21:05",N/A,https://www.facebook.com/GymKingSadBoi/posts/pfbid036zC4UsqwW1min5TPaYPjjvrVYUsgDQfzCPg1vwKYTzNTLXfnPCfq1BTnzQgY8uTbl,0,Foto,,,,,Total,2,40,6,48,0,1634,1702,0,0,94,30,4,128,0,0,0,,
537916784524262,103185414664070,"Philosophical Gym Bro",,OC,0,"05/12/2022 22:05",N/A,https://www.facebook.com/GymKingSadBoi/posts/pfbid0g7XX6rhHArWjDcgLJixG9q1qa8rxwKWmkKRTsbaBuU4wqazxtKxY7t5qSzyMro6il,0,Foto,,,,,Total,8,209,40,257,0,6829,7243,0,0,193,113,,306,0,0,0,1,
538167291165878,103185414664070,"Philosophical Gym Bro",,OC,0,"05/13/2022 07:05",N/A,https://www.facebook.com/GymKingSadBoi/posts/pfbid02WPnPbTrVVeEYk5nx1C6GyTLmJ2xhq8BJhsWJZbQsZjmpTGDEurQUDwVDjQdryKkFl,0,Foto,,,,,Total,2,32,7,41,0,1028,1093,0,0,38,14,,52,0,0,0,,
538459994469941,103185414664070,"Philosophical Gym Bro","Actualización de estado",,0,"05/13/2022 18:05",N/A,https://www.facebook.com/GymKingSadBoi/posts/pfbid0s1JmC4CPwxTLLJ3s7aLC9EXPfhJpafdydLkXQdtQHFVt2PRiAJXGEgTGFB5cuGkzl,0,Foto,,,,,Total,2,84,10,96,0,2577,2642,0,0,229,53,,282,0,0,0,,
538553461127261,103185414664070,"Philosophical Gym Bro","Actualización de estado",,0,"05/13/2022 21:05",N/A,https://www.facebook.com/GymKingSadBoi/posts/pfbid0ShWn13xqTr3gC2JFbwH7wXSMzJ1bgxhRepfLMycV4vJE5eqdPG6E6trGQfqWQT2Cl,0,Foto,,,,,Total,8,114,9,131,0,3365,3490,0,0,200,386,,586,0,0,0,,
538845314431409,103185414664070,"Philosophical Gym Bro",,"This book got hands tbh",0,"05/14/2022 08:05",N/A,https://www.facebook.com/GymKingSadBoi/posts/pfbid0yc67MeBZipKGg7NfxAndNQEnGnYBoneyJTP1fP3x5iDXTpAtvQsEEae2jRPPp6nRl,0,Foto,,,,,Total,14,460,112,586,0,29827,30750,0,0,655,336,,991,0,0,0,,
539771831005424,103185414664070,"Philosophical Gym Bro",,,0,"05/15/2022 15:05",N/A,https://www.facebook.com/GymKingSadBoi/posts/pfbid02kLNht1uq9KAtf2S1u5XM9bnKp1StVFDrcrsBwQCRwS24hdygY3KMPGsbRJ3VMcQbl,0,Foto,,,,,Total,12,134,19,165,0,3560,3626,0,0,237,139,,376,0,0,0,,
539968640985743,103185414664070,"Philosophical Gym Bro","Tension Grows Between Guy in Drive Jacket and Guy in Akira Jacket at Local Party",,0,"05/15/2022 22:05",N/A,https://www.facebook.com/GymKingSadBoi/posts/pfbid0DwqJq9WBn9AkYcCbDQqTWeE8iGzqg7BGU54UqM1HGWtZSb2kpYoFR5JBJz2Vyyojl,0,Enlace,,,,,Total,2,48,4,54,0,1341,1391,0,0,26,,33,59,0,0,0,,
540901034225837,103185414664070,"Philosophical Gym Bro","Actualización de estado",,0,"05/17/2022 07:05",N/A,https://www.facebook.com/GymKingSadBoi/posts/pfbid02DfLozZHA1B9cffYrek1Dk9CPB6fjmDFYn7EZXbS8uUsPcmm7Gm125yqx75amasT6l,0,Foto,,,,,Total,2,102,12,116,0,2470,2548,0,0,133,56,,189,0,0,0,,
540935110889096,103185414664070,"Philosophical Gym Bro","Actualización de estado",,0,"05/17/2022 08:05",N/A,https://www.facebook.com/GymKingSadBoi/posts/pfbid02JYR2DsYzLZUytyRgsUqh2Yxydvazu8S1pN3frrm1D88wzuH6vrFMGxHDtexbaiuLl,0,Foto,,,,,Total,0,18,3,21,0,1145,1195,0,0,42,35,,77,0,0,0,,
541176767531597,103185414664070,"Philosophical Gym Bro","Actualización de estado","This post has caused a certain someone to spin in his grave",0,"05/17/2022 17:05",N/A,https://www.facebook.com/GymKingSadBoi/posts/pfbid02pJNW4qPCHfaPXRFLX7KkWVowy1uKdztPkX9F81iCeYS2gvEUvzdAgNRTnPsg59RMl,0,Foto,,,,,Total,2,14,0,16,0,1533,1616,0,0,74,19,,93,0,0,0,,
541286344187306,103185414664070,"Philosophical Gym Bro","Sigmund Freud's Dank Meme Stash 2: Daddy's Return",,0,"05/17/2022 21:05",N/A,https://www.facebook.com/GymKingSadBoi/posts/pfbid0XJkWHkAFM6T4eMtaLf9Pr13V5gWtbmCGQNC5w4pt7p5R9uPxcTZRC5VCPzH1c8vQl,0,Otro,,,,,Total,0,3,0,3,0,759,805,0,0,18,8,,26,0,0,0,,
541746390807968,103185414664070,"Philosophical Gym Bro",,"ATTENTION ☝️GYM🏋️‍♂️ LADIES♀️: IMPORTANT✔ SERVICE 🚩ANNOUNCEMENT!⬇️ 

IF you see a buff💪 MAN♂️ in the GYM🏯 lifting WEIGHTS🏋️‍♂️ and he SMILES 😊in your DIRECTION⏭

IT DOES NOT🚫❌✖❎ mean🤔 that he is interested😍 in YOU👰

HE👨‍💼 is PROBABLY ✔just thinking about his FOUCAULT🏛 x NIETZCH👨 TIME Travel🕢 Fan-Fiction👬

(Foucault goes back in time and teaches nietzche the true meaning of love and truth and power relations and nietzche doesn't get syphilis and becomes a stoner who likes MCR instead)",0,"05/18/2022 13:05",N/A,https://www.facebook.com/GymKingSadBoi/posts/pfbid05hvugGnREZCQk7erbuaykgaRShxZHDw1rXp7vRiWP6zobGJSmx2FJ2Zje83nNP6sl,0,Texto,,,,,Total,13,119,12,144,0,3666,3793,0,0,126,,,126,0,0,0,,
541818387467435,103185414664070,"Philosophical Gym Bro","Actualización de estado",,0,"05/18/2022 17:05",N/A,https://www.facebook.com/GymKingSadBoi/posts/pfbid02rRT8VEyCZZgjuuGe8csC6PEYfv6p5Go13CEqgzkYLWGYirTgGS3qYd774Akc7JYGl,0,Texto,,,,,Total,0,24,3,27,0,1358,1408,0,0,89,,,89,0,0,0,,
541911817458092,103185414664070,"Philosophical Gym Bro","Actualización de estado",,0,"05/18/2022 20:05",N/A,https://www.facebook.com/GymKingSadBoi/posts/pfbid02tfC9G1bTTvTXDkzdJkejzUHdQQPbsdwUd8W2LdfF6LP5Sy5GvGEk3qP8huf4TZkGl,0,Foto,,,,,Total,2,43,9,54,0,1474,1512,0,0,62,28,,90,0,0,0,,
542350880747519,103185414664070,"Philosophical Gym Bro","Actualización de estado",,0,"05/19/2022 11:05",N/A,https://www.facebook.com/GymKingSadBoi/posts/pfbid02sJfqb4JQ8PW3wQ7KYHMGJU4AtzR4CfGLpJ3vstz3foQE6riwSVYjZXMcbvtHmNfTl,0,Foto,,,,,Total,2,100,14,116,0,1813,1961,0,0,170,46,,216,0,0,0,,
542592980723309,103185414664070,"Philosophical Gym Bro","Wild Green Memes for Ecological Fiends",,0,"05/19/2022 21:05",N/A,https://www.facebook.com/GymKingSadBoi/posts/pfbid0Gvc1s18kJMRoYJAB2nraMKd9VeRBiN4G63h22uyvTAjuyMXGDJ4KWLJg6e6SmufSl,0,Otro,,,,,Total,2,35,3,40,0,1569,1642,0,0,50,19,,69,0,0,0,,
542903427358931,103185414664070,"Philosophical Gym Bro","Actualización de estado",,0,"05/20/2022 06:05",N/A,https://www.facebook.com/GymKingSadBoi/posts/pfbid027X6hHTLKfEEmuupccaToCTAWZKHLsTLoqVhq6VupaxN1iLV9GfMgvQaR2zFid2Wkl,0,Foto,,,,,Total,0,62,13,75,0,2055,2127,0,0,42,41,,83,0,0,0,,
543047140677893,103185414664070,"Philosophical Gym Bro","Actualización de estado","Medieval philosophy is the friends you make along the way (while cosplaying with foam swords or whatever it is you people do)",0,"05/20/2022 11:05",N/A,https://www.facebook.com/GymKingSadBoi/posts/pfbid0pzfsnqnCHkoXxs5KG3EZV5pTL6zYJm8sbpRAQEtZJ3mjyDBnuNeUBAJSwQg5bQCHl,0,Foto,,,,,Total,0,30,6,36,0,2222,2316,0,0,69,148,,217,0,0,0,,
543050534010887,103185414664070,"Philosophical Gym Bro",,"Low hanging fruit semi autobiographical O.C.",0,"05/20/2022 11:05",N/A,https://www.facebook.com/GymKingSadBoi/posts/pfbid0nWJ5iv28zAn2dgtzr8ny9eaxMRApDUjjzqwGvTgsBxkFAzDHSuDt8VHVCvxpczDJl,0,Foto,,,,,Total,3,20,4,27,0,1312,1451,0,0,22,12,,34,0,0,0,,
544017177247556,103185414664070,"Philosophical Gym Bro","Paleontology CoprolitePosting: The TriassZucc Period",,0,"05/21/2022 22:05",N/A,https://www.facebook.com/GymKingSadBoi/posts/pfbid036AuMj83XX1s9AkmT571DoUR37x2xKTxaXzhsQvnjsxxT5TZ3MiLpaffk2gkoLRFtl,0,Otro,,,,,Total,1,74,16,91,0,1951,2058,0,0,47,35,,82,0,0,0,,
544310717218202,103185414664070,"Philosophical Gym Bro","Actualización de estado",,0,"05/22/2022 08:05",N/A,https://www.facebook.com/GymKingSadBoi/posts/pfbid0Xo9RFg2kZYdmq91NmTCf2cyxy99bKBrKNhDTyFae4XAFf5tDYq4cppx1TFRznozyl,0,Foto,,,,,Total,3,52,7,62,0,2074,2186,0,0,108,17,,125,0,0,0,,
544473497201924,103185414664070,"Philosophical Gym Bro",,S(oc)iety,0,"05/22/2022 14:05",N/A,https://www.facebook.com/GymKingSadBoi/posts/pfbid02K3gZNxBVJFQPsnNb8Ky54furvMT1Cs2fQTBx9aw9kvxmCWERVkBW37AjB17aq9ddl,0,Foto,,,,,Total,0,29,5,34,0,1480,1567,0,0,22,28,,50,0,0,0,,
544532237196050,103185414664070,"Philosophical Gym Bro","Actualización de estado",,0,"05/22/2022 17:05",N/A,https://www.facebook.com/GymKingSadBoi/posts/pfbid02uVTrTbBqoezsRvvDBCVroZbX9Bnu4qgtiTXYYu9uk8t68YWMFi9pXPtV5FCpvtDel,0,Foto,,,,,Total,0,21,5,26,0,1763,1865,0,0,36,41,,77,0,0,0,,
545139660468641,103185414664070,"Philosophical Gym Bro","Actualización de estado",,0,"05/23/2022 15:05",N/A,https://www.facebook.com/GymKingSadBoi/posts/pfbid0qdhAZYdo1MW5Mzi6GzcjxAQojEhv3qnUfwniqgTEctruVTNCgWaq4ofGXPAyJBtYl,0,Foto,,,,,Total,0,15,4,19,0,940,990,0,0,24,27,,51,0,0,0,,
545596390422968,103185414664070,"Philosophical Gym Bro",,,0,"05/24/2022 09:05",N/A,https://www.facebook.com/GymKingSadBoi/posts/pfbid0koEx5rqT7YCGVZV9QMNgGuSSniPq1mnAJVLT2FeLuo5jsaSS1DqoDEJF9CTs8L6Hl,0,Foto,,,,,Total,27,343,38,408,0,12004,12004,0,0,491,108,,599,0,0,0,,
545753110407296,103185414664070,"Philosophical Gym Bro","Actualización de estado",,0,"05/24/2022 15:05",N/A,https://www.facebook.com/GymKingSadBoi/posts/pfbid02EYhDnh7AHEG64dScdNhD3PVJ796MGtsEn5vFULVo9H3sD4SyZqDHHFQcWPwZ3Htl,0,Foto,,,,,Total,1,63,8,72,0,2082,2169,0,0,104,53,,157,0,0,0,,
546363003679640,103185414664070,"Philosophical Gym Bro",,"They're just questions, Leon.",0,"05/25/2022 13:05",N/A,https://www.facebook.com/GymKingSadBoi/posts/pfbid02QURi4Gy4hfrWkjD6VRt3Hu4tiE6vABZXpApsdZyhjpFjm15E46hrPQ8HMFG3EPkxl,0,Foto,,,,,Total,0,11,2,13,0,1049,1096,0,0,6,8,,14,0,0,0,,
546549536994320,103185414664070,"Philosophical Gym Bro",,"This page has only one joke, which is the self-embodiment of physical perfection through psychological suffering.",0,"05/25/2022 21:05",N/A,https://www.facebook.com/GymKingSadBoi/posts/pfbid0fFQ8PqGj3sMasp48YU7vvvUu3VUnHigrnFGun2Zxbpsk4xgcQa6sCSoca84vxtiRl,0,Texto,,,,,Total,6,43,0,49,0,1537,1590,0,0,62,,,62,0,0,0,,
546891006960173,103185414664070,"Philosophical Gym Bro","Actualización de estado",,0,"05/26/2022 08:05",N/A,https://www.facebook.com/GymKingSadBoi/posts/pfbid02JJYac8hcS3Ui26suxxE8Aq5PLCmcj75Sc9tmX4bE91wtmtNsgwyZdE2Q6aFZuGU6l,0,Foto,,,,,Total,0,47,13,60,0,2161,2213,0,0,94,78,,172,0,0,0,,
546917710290836,103185414664070,"Philosophical Gym Bro",,"Madness and Civilization meme",0,"05/26/2022 09:05",N/A,https://www.facebook.com/GymKingSadBoi/posts/pfbid0H9pTBXTUdYNFKgfTaQqSm7XekY2PHiwqHhfCuQdJ33s2vCPYEGDTi9HX5N6oyZ3pl,0,Foto,,,,,Total,6,79,9,94,0,2193,2318,0,0,87,29,,116,0,0,0,,
547139053602035,103185414664070,"Philosophical Gym Bro","Actualización de estado",,0,"05/26/2022 17:05",N/A,https://www.facebook.com/GymKingSadBoi/posts/pfbid028ogwjspPjmHYYDTL9Rq2M9JohXU2dukXd21zNkXMrQt4RVCiS2BcjJiKkHdjBTBHl,0,Foto,,,,,Total,1,52,8,61,0,1355,1442,0,0,75,23,,98,0,0,0,,
547650206884253,103185414664070,"Philosophical Gym Bro","Actualización de estado","""We saw you from across the bar and really hate your vibe. Can you please stop ASSAULTING everyone with your dark energy?""",0,"05/27/2022 11:05",N/A,https://www.facebook.com/GymKingSadBoi/posts/pfbid033YfUfNJbXerS7ajQVRgat1Sd7nkbrNv2Tmos4VcsQghZP8uaL9UwpbbVCmoDmE9Rl,0,Foto,,,,,Total,2,35,6,43,0,1518,1582,0,0,85,13,,98,0,0,0,,
547704956878778,103185414664070,"Philosophical Gym Bro","Actualización de estado",,0,"05/27/2022 14:05",N/A,https://www.facebook.com/GymKingSadBoi/posts/pfbid02gYCz9SNBYr8PefPmJzq251YjFvTejKDbeCufnN7nGunjMQQB38HCJC5NouMxQDJFl,0,Foto,,,,,Total,5,94,4,103,0,2577,2659,0,0,156,35,,191,0,0,0,,
548941866755087,103185414664070,"Philosophical Gym Bro","Actualización de estado",,0,"05/29/2022 09:05",N/A,https://www.facebook.com/GymKingSadBoi/posts/pfbid0PbD2zStvjCZcnXo6NZNz6NvPaDnFT6hDDJ5uZfwztC8WTfmVAKv7UcFCcDVYzBSFl,0,Foto,,,,,Total,1,79,14,94,0,2379,2508,0,0,148,83,,231,0,0,0,1,
549010676748206,103185414664070,"Philosophical Gym Bro","Fotos de la biografía",,0,"05/29/2022 11:05",N/A,https://www.facebook.com/GymKingSadBoi/posts/pfbid04jaU9hLiCAsUxwBJRaG4KngEzBVTj8oyUqAPk9uQem13mKog61XzJPEJrHUR53s7l,0,Foto,,,,,Total,0,41,8,49,0,1791,1933,0,0,55,25,,80,0,0,0,,
549618376687436,103185414664070,"Philosophical Gym Bro","Actualización de estado",,14,"05/30/2022 09:05",N/A,https://www.facebook.com/GymKingSadBoi/posts/pfbid02g4aSJARCfzgbgyVHQYyzX1BX2K1m8pVKzP5w2pwEXNupSaR5cDkeV6zTRSVsFpPWl,0,Vídeo,,,,,Total,0,33,0,33,0,1185,1248,481,0,123,,,123,0,0,0,,
549707316678542,103185414664070,"Philosophical Gym Bro",,"Toxic in the sense that trying to read it will give you a serious headache. 

O.C, but probably has been done before.",0,"05/30/2022 12:05",N/A,https://www.facebook.com/GymKingSadBoi/posts/pfbid02VRycyuBf6dF2vazQV18TPywzpYxhoy9FasBuGd3Rw2mARUjR7nFy2hY7DtBv3GTcl,0,Foto,,,,,Total,38,752,92,882,0,33649,33649,0,0,606,247,,853,0,0,0,,
549765923339348,103185414664070,"Philosophical Gym Bro",,"I will accept you as a Brother regardless.",0,"05/30/2022 14:05",N/A,https://www.facebook.com/GymKingSadBoi/posts/pfbid0kbLYo1D7m3vAqam899j6z4rWzBSgmqBhoeTxG6sAbeuGkchc149qyYAGoEd5FR3cl,0,Foto,,,,,Total,11,40,3,54,0,1959,2052,0,0,65,20,,85,0,0,0,,
550537613262179,103185414664070,"Philosophical Gym Bro",,"Sorry for all the Foucault posting lmao",0,"05/31/2022 19:05",N/A,https://www.facebook.com/GymKingSadBoi/posts/pfbid0o3rfMV91HQpgZLuZn1N28C21F4HxA9GsSboLAZfmh8dBomtRsRMLYfDyWJoVwLSQl,0,Foto,,,,,Total,0,124,11,135,0,3961,4150,0,0,134,77,,211,0,0,0,,
550626773253263,103185414664070,"Philosophical Gym Bro","Actualización de estado",,0,"05/31/2022 23:05",N/A,https://www.facebook.com/GymKingSadBoi/posts/pfbid0eEkfpzykWsLmXT7yhxqtTVpYmZ83yc7i3k16bd4nbjiHQx5nVpSfxxnvXwRGnjqJl,0,Foto,,,,,Total,2,27,6,35,0,2196,2347,0,0,161,70,3,234,0,0,0,,
551037449878862,103185414664070,"Philosophical Gym Bro","Meme Symposium",,0,"06/01/2022 13:06",N/A,https://www.facebook.com/GymKingSadBoi/posts/pfbid0pWAeswo1z9DUQBJvRJ6ScsrCbd1Q3TthGUUknHXoptExB1Q8MUyVMeEJXgZo9SPdl,0,Otro,,,,,Total,3,76,13,92,0,2141,2295,0,0,131,62,,193,0,0,0,,
551495253166415,103185414664070,"Philosophical Gym Bro","Actualización de estado",,0,"06/02/2022 07:06",N/A,https://www.facebook.com/GymKingSadBoi/posts/pfbid021x4AwxpyYbDgFi2LRZpSwhgBKxGcwWN9ipGCtcsnNnP7ic9hxWhKa8S4rbYqE2nVl,0,Foto,,,,,Total,2,70,15,87,0,2332,2500,0,0,167,54,,221,0,0,0,,
551835836465690,103185414664070,"Philosophical Gym Bro",,,0,"06/02/2022 18:06",N/A,https://www.facebook.com/GymKingSadBoi/posts/pfbid021id3RoMbWhvYJcBMzooGGR5Kmh1S7i4zwQf1JpKixfEyPbpyMBiH7P18wJ23Yw6dl,0,Foto,,,,,Total,8,82,12,102,0,2609,2737,0,0,94,26,,120,0,0,0,,
552286739753933,103185414664070,"Philosophical Gym Bro","Actualización de estado",,0,"06/03/2022 10:06",N/A,https://www.facebook.com/GymKingSadBoi/posts/pfbid032zzZebRxJcHhCjVqfhtcAp6jo5MTx4gM4tgPcahia61Uyy2mrnjQKix74d2Wv1jWl,0,Foto,,,,,Total,3,183,26,212,0,3150,3353,0,0,208,72,3,283,0,0,0,,
552310763084864,103185414664070,"Philosophical Gym Bro",,"Poor Execution O.C.
 ""The Vinegar Tasters"" but with Donald Duck, Mickey Mouse, and Goofy. Somebody should make a better version of this who can actually draw.

The vinegar tasters shows buddha, laozi, and confucius tasting from a pot of vinegar. 
Laozi sees it as sweet, the way daoists see the world as already perfect.
Buddha sees it as bitter, the way buddhists see life as full of suffering,
Confucius sees it as sour, the way they think humans are corrupt and need to be managed through social institutions and traditions.",0,"06/03/2022 11:06",N/A,https://www.facebook.com/GymKingSadBoi/posts/pfbid0J33BiaRn3CnWBWEpQ5GmdEoCLRxmxgSL84x5LGsJ2YhbkwDwcEgZvHwb7tC8SFiql,0,Foto,,,,,Total,0,8,0,8,0,1028,1097,0,0,5,3,,8,0,0,0,,
552776366371637,103185414664070,"Philosophical Gym Bro",,OC,0,"06/04/2022 06:06",N/A,https://www.facebook.com/GymKingSadBoi/posts/pfbid02FAboRFfyw1cdPrSbSRMvqAhAvF9NnFZyxSYcWSXrva6iefyujyLpMeDtXeZYon6cl,0,Foto,,,,,Total,50,129,21,200,0,4560,4949,0,0,496,55,,551,0,0,0,,
553070649675542,103185414664070,"Philosophical Gym Bro","Actualización de estado",,0,"06/04/2022 15:06",N/A,https://www.facebook.com/GymKingSadBoi/posts/pfbid0LyjX3M5X5XoTL5u577Y9mo4qvYfqztCuUGdb8N53mU2EVfsjw8fkpuDvzvxuENPil,0,Foto,,,,,Total,2,59,9,70,0,2006,2131,0,0,72,34,,106,0,0,0,,
553256562990284,103185414664070,"Philosophical Gym Bro","Actualización de estado",,0,"06/04/2022 22:06",N/A,https://www.facebook.com/GymKingSadBoi/posts/pfbid02TAAFwHDgZ7exUdWyNKAXd6W6NXNhbKS9tuixuWJUxfH1SjrUct7DDNDbiUwQ8ucgl,0,Foto,,,,,Total,1,82,12,95,0,1670,1762,0,0,52,26,,78,0,0,0,,
553258269656780,103185414664070,"Philosophical Gym Bro","Actualización de estado",,0,"06/04/2022 22:06",N/A,https://www.facebook.com/GymKingSadBoi/posts/pfbid036QLTp3sohxjUhHW1XwWaQwJncCvsM3UT91ufmmp5inA9J7bZQM8yhB6cCggsSenhl,0,Foto,,,,,Total,2,126,18,146,0,2228,2437,0,0,138,49,,187,0,0,0,,1
553568579625749,103185414664070,"Philosophical Gym Bro","Actualización de estado",,0,"06/05/2022 09:06",N/A,https://www.facebook.com/GymKingSadBoi/posts/pfbid0Abf9e3DzyieeCSWAfzmeCv72o4rxX1P4K1oquZi5KnXFg2D8MCnyNQScqbjuMDDzl,0,Foto,,,,,Total,2,85,13,100,0,2875,3071,0,0,214,147,,361,0,0,0,,
553643832951557,103185414664070,"Philosophical Gym Bro",,"Honestly this question has been the source of all the dialectical tension in my life lately",0,"06/05/2022 12:06",N/A,https://www.facebook.com/GymKingSadBoi/posts/pfbid02JaVM4VFc8w5ydRocFWwA8Dr1pKGk6acggipsn2ixjndSexrzVY1S8LgU3Lpvjmywl,0,Foto,,,,,Total,7,84,11,102,0,1905,2126,0,0,124,35,,159,0,0,0,,
554157356233538,103185414664070,"Philosophical Gym Bro","Fotos de la biografía",,0,"06/06/2022 07:06",N/A,https://www.facebook.com/GymKingSadBoi/posts/pfbid0syzCsEuRmmRu9kJjBESH1HMFnMi61DrLcpcHiJrea5RbxuEdMhfHVYPfpWu3cnWRl,0,Foto,,,,,Total,8,82,19,109,0,2434,2616,0,0,148,37,,185,0,0,0,,
554188806230393,103185414664070,"Philosophical Gym Bro","Actualización de estado",,0,"06/06/2022 08:06",N/A,https://www.facebook.com/GymKingSadBoi/posts/pfbid02QWwPrwKt3yWRzBGStm7ihUV37XGLuKTu3MSB7VUyyHUGWp95agHhuTPnoX3Aa2uul,0,Foto,,,,,Total,2,35,5,42,0,1842,2002,0,0,85,20,,105,0,0,0,,1
555071949475412,103185414664070,"Philosophical Gym Bro","Actualización de estado",,0,"06/07/2022 18:06",N/A,https://www.facebook.com/GymKingSadBoi/posts/pfbid0DxP1BPvAFyaXuq2bo2NHUcD2qHUfYv7mzXcyVJ5vdrsP7Si3kADqgoTrAD3yMTPSl,0,Foto,,,,,Total,0,41,8,49,0,1845,1985,0,0,62,37,,99,0,0,0,,
555117569470850,103185414664070,"Philosophical Gym Bro",,,0,"06/07/2022 19:06",N/A,https://www.facebook.com/GymKingSadBoi/posts/pfbid02BbeYSS6AWTMJPNu5wxNMdvsNXuXBegD9RusxoBErW29qFS7HJTWgy9na1KB2ec1zl,0,Foto,,,,,Total,2,32,8,42,0,1284,1420,0,0,25,12,,37,0,0,0,,
555568112759129,103185414664070,"Philosophical Gym Bro",,Stolen,0,"06/08/2022 12:06",N/A,https://www.facebook.com/GymKingSadBoi/posts/pfbid0Rk31Y6ZKrUzBsucQL8TGztg1j5nnMK4FE6FdvX2truFsok4F6jx7fvke5A3bZJs4l,0,Foto,,,,,Total,13,96,14,123,0,3032,3253,0,0,171,57,,228,0,0,0,,
555871959395411,103185414664070,"Philosophical Gym Bro","Actualización de estado",,0,"06/09/2022 00:06",N/A,https://www.facebook.com/GymKingSadBoi/posts/pfbid0273uTXkmLfB6GtNJzM981kb2AzhHgjVLsDBveU8YD14BDbomCNnR89hEzr1EDCnNil,0,Foto,,,,,Total,0,20,2,22,0,1225,1303,0,0,22,6,,28,0,0,0,,
556138816035392,103185414664070,"Philosophical Gym Bro",,"Cookie Clicker is basically about Jouissance.",0,"06/09/2022 10:06",N/A,https://www.facebook.com/GymKingSadBoi/posts/pfbid02RKu6U5ryFdBaYUEznNShYxPfrq5cJ2dQsrhupFa9RTTBG2U6jF9oWErYnBuohcBpl,0,Texto,,,,,Total,0,5,0,5,0,672,719,0,0,,,,0,0,0,0,,
556911055958168,103185414664070,"Philosophical Gym Bro","Actualización de estado",,0,"06/10/2022 15:06",N/A,https://www.facebook.com/GymKingSadBoi/posts/pfbid02fX1rfbJLNjFky7UPGjphP2BfyfrCCHUsmkS9LgBrXRE9JqTLQF9ZzxxSygiEffqEl,0,Foto,,,,,Total,0,30,7,37,0,1169,1264,0,0,72,58,,130,0,0,0,,
557110539271553,103185414664070,"Philosophical Gym Bro",,"In case you haven't seen DUNE by now, this is basically it, you don't need to see it now.
O.C.",0,"06/10/2022 23:06",N/A,https://www.facebook.com/GymKingSadBoi/posts/pfbid02E4bzXj39k4ztkAymT6f18fujjRqvaLUo5mfAoYT7pWUs45ExvJFsGjEiBU3ok4HYl,0,Foto,,,,,Total,0,23,2,25,0,987,1112,0,0,9,5,,14,0,0,0,,
557247985924475,103185414664070,"Philosophical Gym Bro","Actualización de estado",,0,"06/11/2022 04:06",N/A,https://www.facebook.com/GymKingSadBoi/posts/pfbid02T8Qup39Hhb159jLWvj3ocMCHEikyq7fn8cnb5btQvwnSYhvYYLzLGA6FJSHmCcuGl,0,Foto,,,,,Total,3,85,11,99,0,2093,2198,0,0,86,22,,108,0,0,0,,
558139299168677,103185414664070,"Philosophical Gym Bro",,"Myth(O)poeti(C) homies where you at",0,"06/12/2022 13:06",N/A,https://www.facebook.com/GymKingSadBoi/posts/pfbid0AqkG2Bavjn9cthoZWbAHbHwgmTN9wgAeLAJBG9TgrxFj4UAQhojFJnFCayM4PLh9l,0,Foto,,,,,Total,4,62,12,78,0,1388,1511,0,0,60,9,,69,0,0,0,1,
558623022453638,103185414664070,"Philosophical Gym Bro","Meme Symposium",,0,"06/13/2022 07:06",N/A,https://www.facebook.com/GymKingSadBoi/posts/pfbid0VV33AoDWXG4kAdegxwemp6WxmRrDeV5qegfpjPAHKTwk1bzHJvNG4QDZkiA3fq9El,0,Otro,,,,,Total,11,216,44,271,0,3488,3668,0,0,374,246,,620,0,0,0,,
558676265781647,103185414664070,"Philosophical Gym Bro","Actualización de estado","No-context spoiler for Cronenberg's new movie",12,"06/13/2022 08:06",N/A,https://www.facebook.com/GymKingSadBoi/posts/pfbid02rxU1mZg6NsPvdbv17UEJTN9DxMumDw7fzd4QtmgmvsHntwrvsKye3pzouzwpR8J1l,0,Vídeo,,,,,Total,1,29,0,30,0,884,947,396,0,96,,,96,0,0,0,,
558925652423375,103185414664070,"Philosophical Gym Bro","Actualización de estado",,0,"06/13/2022 19:06",N/A,https://www.facebook.com/GymKingSadBoi/posts/pfbid02MqXr8YLaz4eJeUsXYKPaHjM64KxLMvCdDBphb54LQfZwoCi3k44aa1BzpnTnHNKDl,0,Foto,,,,,Total,0,36,2,38,0,1659,1709,0,0,66,20,,86,0,0,0,,
559289559053651,103185414664070,"Philosophical Gym Bro","Actualización de estado",,0,"06/14/2022 07:06",N/A,https://www.facebook.com/GymKingSadBoi/posts/pfbid02VxLXQF11BZmoCAhXngFQm1vouoQRhiP4fnpbFFqEgu2aRzV12erhxuArasdmPfC4l,0,Foto,,,,,Total,1,41,9,51,0,1897,2006,0,0,109,82,,191,0,0,0,,
559553709027236,103185414664070,"Philosophical Gym Bro","Fotos de la biografía",,0,"06/14/2022 17:06",N/A,https://www.facebook.com/GymKingSadBoi/posts/pfbid037zwrRutgximbWnCS9BtmCsMi9acDJ2BPNMhp15vQ9j3fmqHuDDBfPZzrNQG9LuNjl,0,Foto,,,,,Total,0,9,2,11,0,951,994,0,0,23,10,,33,0,0,0,,
560533762262564,103185414664070,"Philosophical Gym Bro",,"The memes make themselves these days",0,"06/16/2022 07:06",N/A,https://www.facebook.com/GymKingSadBoi/posts/pfbid0r5MhXAzqB6J3ZLmskqLum8xYiM1DwPKHsdtA7KgrYsuY9DSdCVaMUhbqbcCSHDE1l,0,Foto,,,,,Total,14,195,37,246,0,4165,4408,0,0,123,71,,194,0,0,0,,
560808695568404,103185414664070,"Philosophical Gym Bro","Actualización de estado",,0,"06/16/2022 18:06",N/A,https://www.facebook.com/GymKingSadBoi/posts/pfbid0gJtGuwBqif64HK3LRhYeoWLSU5WGpYV38QF7rZx4rDHeJjZFRgzMMnVd1mP3jPqml,0,Foto,,,,,Total,4,83,17,104,0,2573,2700,0,0,106,131,,237,0,0,0,,
560822015567072,103185414664070,"Philosophical Gym Bro",,"Dang really looking forward to this.",0,"06/16/2022 18:06",N/A,https://www.facebook.com/GymKingSadBoi/posts/pfbid021RNGP1kJfvtH4qJqcv6yNytVhRGqrVqV7Cs5VTK48wQetZ6UMWRXXeyCxXGsFoWEl,0,Foto,,,,,Total,9,141,10,160,0,8014,8301,0,0,316,59,,375,0,0,0,,
561261865523087,103185414664070,"Philosophical Gym Bro","Actualización de estado",,0,"06/17/2022 10:06",N/A,https://www.facebook.com/GymKingSadBoi/posts/pfbid0gKYHD9iVHkxYnRTebDKXxbtgRTugBtqvemKvePoC2kYeDgPyCJXFTFguinriAna6l,0,Foto,,,,,Total,4,21,2,27,0,1615,1697,0,0,51,35,,86,0,0,0,,
561337458848861,103185414664070,"Philosophical Gym Bro",,"Red book OC",0,"06/17/2022 13:06",N/A,https://www.facebook.com/GymKingSadBoi/posts/pfbid02p5GJmkpKwrrdm5TrqvfT4j6oqnD757MyHtSECj7cyRsK9VzSEfE3H8GBJVRWMzel,0,Foto,,,,,Total,39,373,49,461,0,10146,10481,0,0,558,121,,679,0,0,0,,
561377685511505,103185414664070,"Philosophical Gym Bro",,"The secret to getting gains is living in harmony with the Wu Whey",0,"06/17/2022 14:06",N/A,https://www.facebook.com/GymKingSadBoi/posts/pfbid031aycbdGJwPDnowAsKhDd6c8bmzWt22D2TqCbse3ECN2eCT7E96kveGzFmqx86wqTl,0,Texto,,,,,Total,0,27,6,33,0,1105,1162,0,0,9,,,9,0,0,0,,
561616235487650,103185414664070,"Philosophical Gym Bro","Asian Spiritual Shitposting (ASS)",,0,"06/18/2022 00:06",N/A,https://www.facebook.com/GymKingSadBoi/posts/pfbid08dRbE3mjuHfNCgGKDMzdfNxXeHBtJapJWuh4NYPzLCg1o1V1PsQYtHHRsVDeo2M3l,0,Otro,,,,,Total,2,29,3,34,0,1440,1501,0,0,54,30,,84,0,0,0,,
562089472106993,103185414664070,"Philosophical Gym Bro",,OC,0,"06/18/2022 16:06",N/A,https://www.facebook.com/GymKingSadBoi/posts/pfbid0BJcUC3FV7dpTuC4ogAaT1fG4WuYV88euRJ6zm2bMoTrWiuWdY6GXBQU2K4GBKtk1l,0,Foto,,,,,Total,0,11,1,12,0,1562,1575,0,0,9,7,,16,0,0,0,,
562843855364888,103185414664070,"Philosophical Gym Bro",,,0,"06/19/2022 19:06",N/A,https://www.facebook.com/GymKingSadBoi/posts/pfbid036NhT51ZBnHZhDM3gQnXQkE2bg8XpkiiRTCtB7Skr8AJe2DKWQVnJG3hNKFJaFfsml,0,Foto,,,,,Total,5,96,20,121,0,2144,2219,0,0,36,52,,88,0,0,0,,
562845172031423,103185414664070,"Philosophical Gym Bro","Actualización de estado",,0,"06/19/2022 19:06",N/A,https://www.facebook.com/GymKingSadBoi/posts/pfbid0Gg5Zx3kippmL3Z4neZCf1fnmxWZShCue5X8uWbQLpNf4xo3uvi4157rZztufnyjFl,0,Foto,,,,,Total,2,115,23,140,0,2815,3009,0,0,227,46,,273,0,0,0,,
563422305307043,103185414664070,"Philosophical Gym Bro","Actualización de estado",,0,"06/20/2022 17:06",N/A,https://www.facebook.com/GymKingSadBoi/posts/pfbid02GuBcR9RWo98TwXbTr1ha1HXW5NMubRSRrtLdVn3C9Vp8rmauocTRZNsgRVmQb3mVl,0,Foto,,,,,Total,0,10,1,11,0,1157,1220,0,0,19,6,,25,0,0,0,,
563534548629152,103185414664070,"Philosophical Gym Bro",,"Goodnight Bros, and don't forget that sleep is important to build muscles and also have dreams.",0,"06/20/2022 21:06",N/A,https://www.facebook.com/GymKingSadBoi/posts/pfbid02YBXsFzrPShyd5rJtguX2W5B5B3XPJLEzNKY1TQ3ctfjBNoHVWefZ1tzotfUydngwl,0,Foto,,,,,Total,10,103,12,125,0,2093,2283,0,0,125,23,,148,0,0,0,,
563786655270608,103185414664070,"Philosophical Gym Bro","Actualización de estado",,0,"06/21/2022 07:06",N/A,https://www.facebook.com/GymKingSadBoi/posts/pfbid02BLaQBEJAZ6psj7m9vWzFvxXbZc1w4XYf6aoDa39zFcWb4kCUaMXVJSYBqkHj46x7l,0,Foto,,,,,Total,0,17,2,19,0,1326,1391,0,0,24,9,,33,0,0,0,,
565209261795014,103185414664070,"Philosophical Gym Bro","Actualización de estado",Us,0,"06/23/2022 08:06",N/A,https://www.facebook.com/GymKingSadBoi/posts/pfbid0SwPCBZB7XYiNaPoe4HWPvrvbPDp9ez7W5bg78rP8djTtGsTtyv79SzA7HYLrzWpxl,0,Foto,,,,,Total,0,28,2,30,0,1520,1615,0,0,42,28,,70,0,0,0,,
565350978447509,103185414664070,"Philosophical Gym Bro","Actualización de estado",,0,"06/23/2022 10:06",N/A,https://www.facebook.com/GymKingSadBoi/posts/pfbid02Qt8E8FkA9xhFCaGKCE5yXv8Qdg99TEfarKGBwgH1N74jbCFSYyRLirzsZE9Y7BMNl,0,Foto,,,,,Total,5,126,25,156,0,2880,3035,0,0,183,68,,251,0,0,0,,
566337361682204,103185414664070,"Philosophical Gym Bro","Actualización de estado",,7,"06/24/2022 23:06",N/A,https://www.facebook.com/GymKingSadBoi/posts/pfbid02GaBTot6jG35k6FSCjqWtpqMiJRT4Dmkh73G3vzPaTcTMXGxcqvsqB8rq44HMtsKWl,0,Vídeo,,,,,Total,0,27,0,27,0,1211,1288,665,0,158,,,158,0,0,0,,
566601121655828,103185414664070,"Philosophical Gym Bro","Math Rock Memes",,0,"06/25/2022 09:06",N/A,https://www.facebook.com/GymKingSadBoi/posts/pfbid0Z8gfcLFdrzq2ghhvYau9EJpjyZyytt6Hmqkmy6KtE8inRbi1tQ8ZqpkBarrqi217l,0,Otro,,,,,Total,3,64,8,75,0,1985,2153,0,0,76,26,,102,0,0,0,,
566804361635504,103185414664070,"Philosophical Gym Bro","schizophrenic order of the piss dawn",,0,"06/25/2022 16:06",N/A,https://www.facebook.com/GymKingSadBoi/posts/pfbid0gTQLmk4G8oHHRWC2ffgWo9RJip615hzevFT8TstGx6fEHWXP3ichifuZU1qC5sXul,0,Enlace,,,,,Total,1,35,0,36,7077.08,1019,1106,0,0,96,,,96,0,0,0,,
567413901574550,103185414664070,"Philosophical Gym Bro","Actualización de estado",,0,"06/26/2022 14:06",N/A,https://www.facebook.com/GymKingSadBoi/posts/pfbid023vcjWZYZQQagFYUhKNqbvYWc27hzArQCJDq3Eyqam99eAYLYGYsYYrW9qzUA4G2cl,0,Foto,,,,,Total,1,10,0,11,0,1054,1131,0,0,13,10,,23,0,0,0,,
567415688241038,103185414664070,"Philosophical Gym Bro","Actualización de estado","Gotta love The Incal",0,"06/26/2022 14:06",N/A,https://www.facebook.com/GymKingSadBoi/posts/pfbid02xweR95cjWDUgdcbFiMEV3AhhvV2b7ZKYrgRajTGeAvfFLyykexTro2Tx8FWoCxpfl,0,Foto,,,,,Total,1,15,2,18,0,1688,1775,0,0,47,45,,92,0,0,0,,
567576741558266,103185414664070,"Philosophical Gym Bro","Actualización de estado",,0,"06/26/2022 21:06",N/A,https://www.facebook.com/GymKingSadBoi/posts/pfbid08AT2EkiJkhnimKzYWAoR5MqKGq9tsAYm9ie16jzhgiZYQR4nXhZ1vkTBFesBdi6gl,0,Foto,,,,,Total,0,19,5,24,0,1422,1506,0,0,44,24,,68,0,0,0,,
567578798224727,103185414664070,"Philosophical Gym Bro","Actualización de estado",,0,"06/26/2022 21:06",N/A,https://www.facebook.com/GymKingSadBoi/posts/pfbid02LJxpgBFN5KFS1umZuaYseUcsVPkpKM9a1jotYp2aSe58DmjdMkrzAjV9awAd8swel,0,Foto,,,,,Total,0,12,3,15,0,441,477,0,0,16,7,,23,0,0,0,,
567852991530641,103185414664070,"Philosophical Gym Bro","Actualización de estado",,0,"06/27/2022 07:06",N/A,https://www.facebook.com/GymKingSadBoi/posts/pfbid0Qk3ZGUnztRsFDqxgQwA6CovabBTk1YjRkkFdadGkHpnP1AW1aCW3iue4P85T12PQl,0,Foto,,,,,Total,1,79,7,87,0,2041,2129,0,0,131,55,,186,0,0,0,,1
568031051512835,103185414664070,"Philosophical Gym Bro",,"You can't feel cognitive dissonance if you don't cognate. 
#Gymspiration",0,"06/27/2022 13:06",N/A,https://www.facebook.com/GymKingSadBoi/posts/pfbid0GLCiqvke2KrNuNeAtuiTWxQwtfGR18WZwUNSuD9kUqXxAVKDkRdoF3eBuLCiZMEPl,0,Texto,,,,,Total,0,44,4,48,0,1234,1289,0,0,13,,,13,0,0,0,,
568897574759516,103185414664070,"Philosophical Gym Bro","schizophrenic order of the piss dawn","Psycho-analyst moment",0,"06/28/2022 13:06",N/A,https://www.facebook.com/GymKingSadBoi/posts/pfbid0yDvFDGLDRcPsKh5GFA1SkJ6wmduazEq7dCQ6tXq7bmDKa3vSNLACErCC5nu9sLW8l,0,Otro,,,,,Total,2,85,8,95,0,1855,1942,0,0,100,41,,141,0,0,0,,
568946251421315,103185414664070,"Philosophical Gym Bro",,OC,0,"06/28/2022 15:06",N/A,https://www.facebook.com/GymKingSadBoi/posts/pfbid02Vk756Jq9NFUkrLeVTVPry2bG13Zv8rGrezrN3er9FbXJoSXcen3fotRokgb4M4pol,0,Foto,,,,,Total,0,25,5,30,0,2196,2370,0,0,29,34,,63,0,0,0,,
569689534680320,103185414664070,"Philosophical Gym Bro","Actualización de estado","All must serve the cycle",0,"06/29/2022 18:06",N/A,https://www.facebook.com/GymKingSadBoi/posts/pfbid027MNxDRAP34sw9A5sCN7K3WR7zo4kVLqeCqQDEWFZRJUFvCSADu2Atr3GbYpeEEa9l,0,Foto,,,,,Total,1,36,4,41,0,1339,1392,0,0,63,15,,78,0,0,0,,
569694158013191,103185414664070,"Philosophical Gym Bro","Fotos de la biografía",,0,"06/29/2022 18:06",N/A,https://www.facebook.com/GymKingSadBoi/posts/pfbid02R9JgLReqCcbsfsbjTtvHHfbrMnAsBgWjkaJdC5PBipYtSywYZezbUkkag4VrebvWl,0,Foto,,,,,Total,1,27,4,32,0,724,772,0,0,61,22,,83,0,0,0,,
569696934679580,103185414664070,"Philosophical Gym Bro","Actualización de estado",,0,"06/29/2022 18:06",N/A,https://www.facebook.com/GymKingSadBoi/posts/pfbid0DxbfwoRi7oJNPQnWd1u6akAgoKFXcCnG6wyCxfoUepRsYiemUiAwDc1X5ATP6G6Hl,0,Foto,,,,,Total,0,0,1,1,0,632,690,0,0,15,28,,43,0,0,0,,
570164391299501,103185414664070,"Philosophical Gym Bro","Actualización de estado",,0,"06/30/2022 09:06",N/A,https://www.facebook.com/GymKingSadBoi/posts/pfbid06B1p3mbdJnno3YLQ7x7esQncsDNr8vtAkx1YCTDhwZMGBs9ipBZkk8sELHzjDoHVl,0,Foto,,,,,Total,6,116,14,136,0,3010,3032,0,0,191,64,,255,0,0,0,,2
522038942778713,103185414664070,"Philosophical Gym Bro","Wild Green Memes for Ecological Fiends",,0,"04/18/2022 20:04",N/A,https://www.facebook.com/GymKingSadBoi/posts/pfbid02zWWTdhZDuaQXdgcadgPZPMvWrXe2VCcCrJUhuRwXNrPDvwTCP62UrjQyCrTxahaNl,0,Otro,,,,,Total,2,10,2,14,0,1028,1078,0,0,15,4,,19,0,0,0,,
512583710390903,103185414664070,"Philosophical Gym Bro","Actualización de estado",,0,"04/03/2022 14:04",N/A,https://www.facebook.com/GymKingSadBoi/posts/pfbid0jkdW4cbdi7oGQKwnFdvbPnx1eEWtwu6GwJVmepve1JYRvAqWuK3EoQzSwKhvM885l,0,Foto,,,,,Total,0,41,8,49,0,1378,1400,0,0,35,34,3,72,0,0,0,,
512682153714392,103185414664070,"Philosophical Gym Bro",,,0,"04/03/2022 19:04",N/A,https://www.facebook.com/GymKingSadBoi/posts/pfbid0338JyjQdxLm9Q1auE6eMDv3m66jqPN5xscu2s9neK9xNwRSK8hHUAPupr65x1XyNDl,0,Foto,,,,,Total,8,99,13,120,0,2776,2832,0,0,74,18,1,93,0,0,0,,
513174393665168,103185414664070,"Philosophical Gym Bro","Wild Green Memes for Ecological Fiends",,0,"04/04/2022 14:04",N/A,https://www.facebook.com/GymKingSadBoi/posts/pfbid02S1DQH3ZqTqBAzz6pbpwhTxMggZTBqBvJuq3UaQ9UkgTXRYmfVGuhBY4GywrPjET2l,0,Otro,,,,,Total,2,79,6,87,0,2135,2193,0,0,102,55,,157,0,0,0,,
505771251072149,103185414664070,"Philosophical Gym Bro",,"An O.K. for you
Original Koan.",0,"04/04/2022 21:04",N/A,https://www.facebook.com/GymKingSadBoi/posts/pfbid0WabXxkULqN4rVuvyrQfeK8LoMNuG6SjwucEMTdtueVZCxi2g4Q4S37UoTvnPx1w2l,0,Foto,,,,,Total,0,33,1,34,0,1758,1859,0,0,45,168,,213,0,0,0,,
513369413645666,103185414664070,"Philosophical Gym Bro","Fotos de la biografía",,0,"04/04/2022 23:04",N/A,https://www.facebook.com/GymKingSadBoi/posts/pfbid0TPbQ4CK2LUcce416Q22Amjo8S4ewL8upYE5KnSNmcW3PdPGB6X8x4ri8AKtoRXQZl,0,Foto,,,,,Total,0,38,4,42,0,858,917,0,0,11,16,,27,0,0,0,,
513627363619871,103185414664070,"Philosophical Gym Bro","Actualización de estado",,0,"04/05/2022 08:04",N/A,https://www.facebook.com/GymKingSadBoi/posts/pfbid02f7Y1N22nmp9bL1B4KojTVJbzyuoeuSkgcGa8iuXBPEaNochqHM8jeXKDAbYDhtpjl,0,Foto,,,,,Total,1,41,2,44,0,1476,1523,0,0,43,12,,55,0,0,0,,
513775400271734,103185414664070,"Philosophical Gym Bro","Actualización de estado","So there *is* a CEO of racism",0,"04/05/2022 13:04",N/A,https://www.facebook.com/GymKingSadBoi/posts/pfbid0CS8yse6G8w39KDsHMHjNHsak34W6nk2euosXxYc8Kz9xjHzDW9bAg3Kqtsd1Jizul,0,Foto,,,,,Total,0,18,0,18,0,1718,1775,0,0,42,111,,153,0,0,0,,
514217913560816,103185414664070,"Philosophical Gym Bro","Meme Symposium",,0,"04/06/2022 07:04",N/A,https://www.facebook.com/GymKingSadBoi/posts/pfbid0CT7zKTtEVWBPg48rDeHLN8zwYkuuSvZhGzAXC9hfVYRqhqD29MRXgNaxdUxXVxcBl,0,Otro,,,,,Total,1,11,2,14,0,884,929,0,0,17,3,,20,0,0,0,,
514269796888961,103185414664070,"Philosophical Gym Bro","Actualización de estado",,0,"04/06/2022 09:04",N/A,https://www.facebook.com/GymKingSadBoi/posts/pfbid0aa81WQWYyh9WZxqt5qEb8gcybQ8uRM7edGiX9bWavEY61BA8YfkTQXhPcF8PH9dNl,0,Foto,,,,,Total,6,97,17,120,0,2282,2353,0,0,117,50,,167,0,0,0,,
514442850204989,103185414664070,"Philosophical Gym Bro","Actualización de estado",,0,"04/06/2022 16:04",N/A,https://www.facebook.com/GymKingSadBoi/posts/pfbid035YRjsRxoSbenLjjMT6Mx1ypjWhqAse9DFrP3SCEp8tX4zqV48wDp8pqxSUweZrHTl,0,Foto,,,,,Total,0,17,1,18,0,1023,1084,0,0,31,13,,44,0,0,0,,
514532210196053,103185414664070,"Philosophical Gym Bro","Actualización de estado",,0,"04/06/2022 20:04",N/A,https://www.facebook.com/GymKingSadBoi/posts/pfbid08jYJfQ37tdNhM9A1Dgcavuvu2281neBCfh6eypQmCmXmbz1fzkLAi5PkCbZsSdj2l,0,Foto,,,,,Total,0,44,11,55,0,1728,1784,0,0,32,61,,93,0,0,0,,
514850603497547,103185414664070,"Philosophical Gym Bro","Actualización de estado",,0,"04/07/2022 08:04",N/A,https://www.facebook.com/GymKingSadBoi/posts/pfbid0ZXHsHX85sqJkpvKjXask1BKq9EU9e7N1XyY1ndMZqUQ79pBBwRMAgKihGJFSD3Hjl,0,Foto,,,,,Total,3,85,9,97,0,2009,2092,0,0,173,46,,219,0,0,0,,
515103656805575,103185414664070,"Philosophical Gym Bro","Actualización de estado",,0,"04/07/2022 18:04",N/A,https://www.facebook.com/GymKingSadBoi/posts/pfbid02zXboTj6yCABPj4jKrnepRbXgKoiYCrmytbssxxuHMuzcUCwSTSCvKeQqp6GM9GoNl,0,Foto,,,,,Total,2,87,14,103,0,2240,2324,0,0,168,78,,246,0,0,0,,
516298870019387,103185414664070,"Philosophical Gym Bro","Actualización de estado",,0,"04/09/2022 14:04",N/A,https://www.facebook.com/GymKingSadBoi/posts/pfbid02oQVmEZtFKDdyBp7hYF53WQy77JwJUMbn18DvbJ1nWDBopJTmfcPQKSJHZQAtdCoTl,0,Foto,,,,,Total,2,86,7,95,0,1980,2082,0,0,89,46,,135,0,0,0,,
516429540006320,103185414664070,"Philosophical Gym Bro","Actualización de estado",,0,"04/09/2022 19:04",N/A,https://www.facebook.com/GymKingSadBoi/posts/pfbid02k2Tu6n8nte2c8uej8fQcv4KXLiDQ8JFVZLKVmN5rgbfMDyZqLULSc4x4QhkhK2UEl,0,Foto,,,,,Total,10,52,6,68,0,1187,1250,0,0,129,15,,144,0,0,0,,
516787676637173,103185414664070,"Philosophical Gym Bro","Actualización de estado",,0,"04/10/2022 08:04",N/A,https://www.facebook.com/GymKingSadBoi/posts/pfbid02rViAR9QQmWshe8SSWPgowZwDYoKX6g4vVvRkARK9Gk536stLwPK9XUF1h6MCdZkWl,0,Foto,,,,,Total,0,27,1,28,0,1184,1228,0,0,34,13,,47,0,0,0,,
516862596629681,103185414664070,"Philosophical Gym Bro","Actualización de estado",,0,"04/10/2022 11:04",N/A,https://www.facebook.com/GymKingSadBoi/posts/pfbid02Dg79fyZaW8NdHgkDdd3BJDrq9zWaZ7mvWcszqMXQVnW6JzZp1K5xNs9cFJhRz2oql,0,Foto,,,,,Total,6,76,6,88,0,2363,2431,0,0,178,70,,248,0,0,0,,1
517395189909755,103185414664070,"Philosophical Gym Bro","Actualización de estado",,0,"04/11/2022 09:04",N/A,https://www.facebook.com/GymKingSadBoi/posts/pfbid02nRNz2aA7n4Sbn9UvCCckXFMoxPZGwwd5Gi1tsPQ8gf2LCXdAd8FkWc28gkHA8pzHl,0,Foto,,,,,Total,2,107,25,134,0,2344,2382,0,0,92,61,,153,0,0,0,,
517748799874394,103185414664070,"Philosophical Gym Bro","Actualización de estado",,0,"04/11/2022 23:04",N/A,https://www.facebook.com/GymKingSadBoi/posts/pfbid0CufAuUeNFLJRDLCstt8g6EZT3SMQy9GM6i94AXBg3knfgPh6JMkT1EyR2ZuKyDmQl,0,Foto,,,,,Total,0,51,10,61,0,1358,1384,0,0,57,23,,80,0,0,0,,
518079759841298,103185414664070,"Philosophical Gym Bro",,OC,0,"04/12/2022 12:04",N/A,https://www.facebook.com/GymKingSadBoi/posts/pfbid024MxGKaeGnXTeVTSTq7xm2UFniRcB2rjUJM3dvVRr5x32TxaMzgPBHRUSEmNg7woCl,0,Foto,,,,,Total,0,120,17,137,0,4460,4524,0,0,131,42,,173,0,0,0,,
518158526500088,103185414664070,"Philosophical Gym Bro","Paleontology CoprolitePosting: The TriassZucc Period",,0,"04/12/2022 15:04",N/A,https://www.facebook.com/GymKingSadBoi/posts/pfbid02pv5nF7BVsG9LQit83DabbLxL3CLVAMswQtUftYk9ALA2WSR39i4RqfBessGVApmol,0,Otro,,,,,Total,0,30,2,32,0,1402,1440,0,0,30,18,,48,0,0,0,,
518296366486304,103185414664070,"Philosophical Gym Bro","Actualización de estado",,0,"04/12/2022 21:04",N/A,https://www.facebook.com/GymKingSadBoi/posts/pfbid0EjbMfJNrbyKoVrfQrGJwwYht9N4DRAXKEAWkU6H7z4oFU7QVAh8wefCScckESuK4l,0,Foto,,,,,Total,0,92,15,107,0,1514,1570,0,0,53,39,,92,0,0,0,,
518617443120863,103185414664070,"Philosophical Gym Bro","Actualización de estado",,0,"04/13/2022 09:04",N/A,https://www.facebook.com/GymKingSadBoi/posts/pfbid02xFtkN5FfjoTCKxhoq3jAHu5w7UnaMw4vFXfQKgtoGnJnxQ4kjo7ag8qcPaWySAUHl,0,Foto,,,,,Total,0,51,7,58,0,912,961,0,0,16,15,,31,0,0,0,,
518782003104407,103185414664070,"Philosophical Gym Bro","Actualización de estado","I went to two universities. One was somewhat high-ranked and private. The other was all but a community college. Guess which one was more like this.",0,"04/13/2022 16:04",N/A,https://www.facebook.com/GymKingSadBoi/posts/pfbid02nyAERYnXw6mAimhcEmBCEZjA4bvMxwsfw2E2ibbSXo5p4j7JVgdJ4yD4iLA9rpxSl,0,Foto,,,,,Total,5,54,3,62,0,1560,1596,0,0,205,73,,278,0,0,0,,
518856193096988,103185414664070,"Philosophical Gym Bro","Actualización de estado",,0,"04/13/2022 19:04",N/A,https://www.facebook.com/GymKingSadBoi/posts/pfbid02mLujhtT7tfUg7Q2Dq3gUBRisaKK4dpseRfTYKPUoQtpgLeo38mLHCuQzSGG64bTl,0,Foto,,,,,Total,0,16,3,19,0,1189,1237,0,0,32,13,,45,0,0,0,,
518972169752057,103185414664070,"Philosophical Gym Bro","Actualización de estado",,7,"04/14/2022 00:04",N/A,https://www.facebook.com/GymKingSadBoi/posts/pfbid02ikxzUPCU6dNyBxMjiswEqpjRhtWL5FfWP6N5sXk5N3isbFSnBtgUe3okbHC39GeRl,0,Vídeo,,,,,Total,0,9,0,9,0,640,696,246,0,52,,,52,0,0,0,,
519570776358863,103185414664070,"Philosophical Gym Bro","Actualización de estado","No one named Jason has Buddha nature.
I will not elaborate.",0,"04/14/2022 23:04",N/A,https://www.facebook.com/GymKingSadBoi/posts/pfbid02HHTnWVPYBetHZCvRtqwErjoUt36nLM9VAt9KXYdFYm9F6W9YNYGHKQZKaFB3tw8Sl,0,Foto,,,,,Total,0,22,3,25,0,1343,1355,0,0,22,8,,30,0,0,0,,
520001946315746,103185414664070,"Philosophical Gym Bro","Actualización de estado",,0,"04/15/2022 15:04",N/A,https://www.facebook.com/GymKingSadBoi/posts/pfbid02k3EEnCRDPZijrTLDbWm8fQ7CFWhypnDvpALmEufuQRa1GrqYe4QxBymsdDXaBVvDl,0,Foto,,,,,Total,0,17,0,17,0,898,934,0,0,20,5,,25,0,0,0,,
520473069601967,103185414664070,"Philosophical Gym Bro","Actualización de estado",,0,"04/16/2022 09:04",N/A,https://www.facebook.com/GymKingSadBoi/posts/pfbid0y6AYU7PKMMj58jLfusss25KemHGGw87F9eZQZujvRny7LddxjzjbS8pBYSZW8oBrl,0,Foto,,,,,Total,1,21,3,25,0,1000,1033,0,0,64,23,,87,0,0,0,,
520508242931783,103185414664070,"Philosophical Gym Bro","Wild Green Memes for Ecological Fiends",,0,"04/16/2022 10:04",N/A,https://www.facebook.com/GymKingSadBoi/posts/pfbid0HUGvsn1PXNx3pHLYYg6Dbn78SRDCFmaEz4vmYUjvirbWPMsvH8eqbd9quQNNRWzul,0,Otro,,,,,Total,0,38,5,43,0,1472,1528,0,0,31,29,,60,0,0,0,,
520510996264841,103185414664070,"Philosophical Gym Bro","Actualización de estado",,0,"04/16/2022 10:04",N/A,https://www.facebook.com/GymKingSadBoi/posts/pfbid0UQZtCsWRVgkxw9ChigkvTYgH1t2oH8rtcqkHNoVav3n7m8ZdHrBfvPFngZhKJUrbl,0,Foto,,,,,Total,0,85,12,97,0,1575,1637,0,0,45,52,,97,0,0,0,,
520688039580470,103185414664070,"Philosophical Gym Bro",,"Grading freshmen essays got a gym bro acting strange...",0,"04/16/2022 18:04",N/A,https://www.facebook.com/GymKingSadBoi/posts/pfbid0GmKatYLoYnfupY4fWZ4jAXgrkbUM7YSc4vE6mepKv5BHC9dCs6Kt8wFg4C9gV2oql,0,Foto,,,,,Total,0,46,1,47,0,702,736,0,0,12,4,,16,0,0,0,,
521382252844382,103185414664070,"Philosophical Gym Bro","Actualización de estado","Best Spanish artist. A certain overrated Malagueño can piss off.

Bonus points if you know which of these was not technically painted by Goya.

Good song too.",12,"04/17/2022 18:04",N/A,https://www.facebook.com/GymKingSadBoi/posts/pfbid02JK6FX9UV5QTuoSUj4yYNTEvcWiMDirBFycHG5fx5b1VTgamm3LcG7wmTFcR3vrjtl,0,Vídeo,,,,,Total,3,18,0,21,0,733,767,195,0,57,,,57,0,0,0,,
521817339467540,103185414664070,"Philosophical Gym Bro","Actualización de estado",,0,"04/18/2022 11:04",N/A,https://www.facebook.com/GymKingSadBoi/posts/pfbid02gDkV1xBApLwQjqJrm6Ah8wA34vHhYhSXnMTntJvybENSfQJ1hQnWMKqXksH7Q6ugl,0,Foto,,,,,Total,0,15,2,17,0,1053,1068,0,0,14,13,,27,0,0,0,,
521890332793574,103185414664070,"Philosophical Gym Bro","Actualización de estado",,0,"04/18/2022 14:04",N/A,https://www.facebook.com/GymKingSadBoi/posts/pfbid02ZQJRKKvM2YkecWd654fYzHpQQETgY3f3Gm9GibEjx5vavYHccok8ozatfmp1W2Jml,0,Foto,,,,,Total,0,25,1,26,0,1288,1319,0,0,31,8,,39,0,0,0,,
511517463830861,103185414664070,"Philosophical Gym Bro","Actualización de estado",,0,"04/01/2022 20:04",N/A,https://www.facebook.com/GymKingSadBoi/posts/pfbid0gP9Jqqd3vjxvjGxr4JmAq67rnDYAHmkB4ZcujFtPE6qhwjCzx6LvP214kTPFavx1l,0,Foto,,,,,Total,2,94,11,107,0,2113,2229,0,0,117,87,,204,0,0,0,1,
