"identificador de la publicación","Identificador de la página","Nombre de la página",Título,Descripción,"Duración (segundos)","Hora de publicación","Tipo de subtítulo","Enlace permanente","Se usa en varias publicaciones","Tipo de publicación",Idiomas,"Etiquetas personalizadas","Estado ""Contenido financiado""",Comentario,Fecha,"Otros clics","Visualizaciones de fotos","Clics en el enlace","Total de clics","Personas alcanzadas","Segundos reproducidos","Comentarios negativos únicos de los usuarios: Ocultar","Reproducciones de vídeo de 60 segundos","Segundos reproducidos de media","Reproducción de vídeo de 3 segundos",Comentarios,"Me gusta","Veces compartido",Interacciones,"Tiempo medio dedicado al artículo","Profundidad de desplazamiento diaria en el artículo",Impresiones,"Comentarios negativos únicos de los usuarios: Ocultar todo"
353869609595648,103185414664070,"Philosophical Gym Bro",,"Low effort O.C.",0,"07/22/2021 18:07",N/A,https://www.facebook.com/GymKingSadBoi/posts/pfbid0UY7avyDVP8DVoVPYSPBWTTVbApFKaqgGB1puYssRsmmxN2DaczprkU6uaSZLoGYol,0,Foto,,,,,Total,77,11,,88,1136,0,,0,0,0,7,44,4,55,0,0,1166,
354333289549280,103185414664070,"Philosophical Gym Bro","Actualización de estado",,0,"07/23/2021 12:07",N/A,https://www.facebook.com/GymKingSadBoi/posts/pfbid022NK2gJefJyUC5XtVYrrK9NLP86mTLqzyUJbUGYJaAnsF4yGA9dACsHH611GSxd7Ul,0,Foto,,,,,Total,27,1,,28,639,0,,0,0,0,5,17,1,23,0,0,665,
354425086206767,103185414664070,"Philosophical Gym Bro","Actualización de estado",,0,"07/23/2021 16:07",N/A,https://www.facebook.com/GymKingSadBoi/posts/pfbid02YwzXNbfH83H9PzqycZCPGRXxErYBTZxs1VHRQTFg4jCHo5ZtecngGB9xhZ1QqUPFl,0,Foto,,,,,Total,15,4,,19,730,0,,0,0,0,0,19,1,20,0,0,757,
355953576053918,103185414664070,"Philosophical Gym Bro","Actualización de estado",,0,"07/26/2021 05:07",N/A,https://www.facebook.com/GymKingSadBoi/posts/pfbid0trZbrRcoGsL9Qs6hKuGdERUDce3b1MWfKVK6znx46FFhxWxKqyJGz1ev8RYANsosl,0,Foto,,,,,Total,13,1,,14,493,0,,0,0,0,0,20,1,21,0,0,517,
356427816006494,103185414664070,"Philosophical Gym Bro",,"Depressing low effort O.C.",0,"07/26/2021 23:07",N/A,https://www.facebook.com/GymKingSadBoi/posts/pfbid0WnQGckccvjPQCTdgoywfZQoZhA5V9891E8TPNeiJHULYdtSrcpwQavrTxN8ToZCWl,0,Foto,,,,,Total,56,27,,83,3289,0,,0,0,0,1,157,20,178,0,0,3501,
356680152647927,103185414664070,"Philosophical Gym Bro",,,0,"07/27/2021 08:07",N/A,https://www.facebook.com/GymKingSadBoi/posts/pfbid02jtB9KVQYARnaNifvkgcc71yKkaeRZPFzeHNXURWD2VKDtqE9D74cCq4Xz5w6qkrDl,0,Foto,,,,,Total,105,72,,177,3996,0,1,0,0,0,2,85,7,94,0,0,4179,
356775925971683,103185414664070,"Philosophical Gym Bro",,"Can't even make it one sentence into Kant without getting distracted",0,"07/27/2021 12:07",N/A,https://www.facebook.com/GymKingSadBoi/posts/pfbid02ZEozKota6AqWWZX48BKFeQvZUGfgYQHcFXZNQFpzN8Nift5CtCDUFbLYvnt6MigTl,0,Foto,,,,,Total,24,10,,34,1591,0,,0,0,0,2,25,4,31,0,0,1693,
356902669292342,103185414664070,"Philosophical Gym Bro",,"A gift/personal attack from the esteemed Michael.",0,"07/27/2021 17:07",N/A,https://www.facebook.com/GymKingSadBoi/posts/pfbid02LydmW34CYdDBVhj8znsVvQYZNyDR35SGDmMvbAPzW6NfxpUFiZihh5LcA4SyYfxCl,0,Foto,,,,,Total,152,53,,205,3795,0,1,0,0,0,9,211,9,229,0,0,3987,
357027975946478,103185414664070,"Philosophical Gym Bro","Actualización de estado",,0,"07/27/2021 22:07",N/A,https://www.facebook.com/GymKingSadBoi/posts/pfbid0W1xHFW5SvLML4qW9ebPuMKZSsjfpevTUpXThvx8zhwMNCrnw5rkBsFrWZKAgx7xnl,0,Foto,,,,,Total,18,7,,25,567,0,1,0,0,0,0,21,0,21,0,0,597,
357032945945981,103185414664070,"Philosophical Gym Bro",,"OC Just listened to a performance of Oedipus at Colonus. Sophocles really be like:",0,"07/29/2021 11:07",N/A,https://www.facebook.com/GymKingSadBoi/posts/pfbid02weX95kzQcfYyTNwTD6osuVf4SrSMe14iLW4MVfsZhP71wuYcJKwsAuN91xxn7dhDl,0,Foto,,,,,Total,1,,,1,323,0,,0,0,0,0,7,0,7,0,0,337,
358097772506165,103185414664070,"Philosophical Gym Bro","Actualización de estado",,0,"07/29/2021 15:07",N/A,https://www.facebook.com/GymKingSadBoi/posts/pfbid04wpZmk9BqhdhXbp6wxMCXNBA122D2BCEaDcBTt7MRM5HCjbAqEawoTN32YkYyqUsl,0,Foto,,,,,Total,76,23,,99,879,0,1,0,0,0,1,30,2,33,0,0,903,
358501919132417,103185414664070,"Philosophical Gym Bro","Asian Spiritual Shitposting (ASS)",,0,"07/30/2021 07:07",N/A,https://www.facebook.com/GymKingSadBoi/posts/pfbid02DMYyudtWWFVuEFQCcEVia2Cm94jttDwi2e8Q99prkGCSJLeG91yXAQa8x8zAj4Uol,0,Otro,,,,,Total,6,3,,9,334,0,,0,0,0,0,6,0,6,0,0,348,
358269089155700,103185414664070,"Philosophical Gym Bro",,"Pro-tip, don't psychoanalyze your families dreams, and if you do don't tell them. 
O.C.",0,"07/30/2021 11:07",N/A,https://www.facebook.com/GymKingSadBoi/posts/pfbid031G6SggKvA1Gx5UqtHu8gyPUXo9URz8xRDswDmXKvkh4pnUT2cgSfTGtbLWJmtLrfl,0,Foto,,,,,Total,10,3,,13,575,0,,0,0,0,2,19,1,22,0,0,597,
358660015783274,103185414664070,"Philosophical Gym Bro","Actualización de estado",,0,"07/30/2021 12:07",N/A,https://www.facebook.com/GymKingSadBoi/posts/pfbid021pRSu8GUDzVyNp1k9Vp1g9ts42N9Eh8YHy54FmStAuiURyJySP4n7PSx4k29C7j3l,0,Foto,,,,,Total,6,7,,13,424,0,,0,0,0,0,9,0,9,0,0,444,
359823759000233,103185414664070,"Philosophical Gym Bro",,"Lots of Text O.C.",0,"08/01/2021 10:08",N/A,https://www.facebook.com/GymKingSadBoi/posts/pfbid02yU1xsY4hRMgfqd7uMrYeG3Bn2566JJ1gqib6vrPyjeJ5ew7tkugHDqzwSigLsQLxl,0,Foto,,,,,Total,2,4,,6,473,0,1,0,0,0,0,13,1,14,0,0,492,
360153148967294,103185414664070,"Philosophical Gym Bro",,"(Stolen Content) is... Is Chrischan a world historical individual?",0,"08/01/2021 23:08",N/A,https://www.facebook.com/GymKingSadBoi/posts/pfbid02VPausZDEVziDG14StuUcbzpzMkrS2Kxj7y6WyrDZrpZCDjE2Dz4YgVzegyoB3ppfl,0,Foto,,,,,Total,8,7,,15,596,0,1,0,0,0,0,18,2,20,0,0,630,
360687192247223,103185414664070,"Philosophical Gym Bro","Actualización de estado",,0,"08/02/2021 20:08",N/A,https://www.facebook.com/GymKingSadBoi/posts/pfbid02JGNYGCEjhGEsLFXKCoNmTadj8Dc4EvpKfNV6ZQouBW8dJSiQVeJMff5QPztzBENPl,0,Foto,,,,,Total,43,11,,54,819,0,1,0,0,0,1,75,2,78,0,0,857,
360761225573153,103185414664070,"Philosophical Gym Bro","Actualización de estado",,0,"08/02/2021 23:08",N/A,https://www.facebook.com/GymKingSadBoi/posts/pfbid02xbZa1uNpWsUdX8shRKgVJGZg314sUfbVfSrQfMrd272wwVzBSuEg8qFLCtDN5otol,0,Foto,,,,,Total,52,17,,69,1010,0,1,0,0,0,1,66,8,75,0,0,1032,
361227032193239,103185414664070,"Philosophical Gym Bro",,"The REAL dilemma of this situation. 
O.C.",0,"08/03/2021 16:08",N/A,https://www.facebook.com/GymKingSadBoi/posts/pfbid02JDeD8N1UKnSsojzKQ7Q9vNGmbgWJSxd5FMD5C48XZ2SNN4fqWGdwC5uybCf1viMyl,0,Foto,,,,,Total,2,2,,4,463,0,,0,0,0,0,18,1,19,0,0,481,
361399552175987,103185414664070,"Philosophical Gym Bro","Actualización de estado",,0,"08/03/2021 23:08",N/A,https://www.facebook.com/GymKingSadBoi/posts/pfbid02p7MR9iRgCCivLSXWvaQaCGzQkx3zNb9t7VywPQQjG5opqQ2TK2hVRgjNbLs7jkT2l,0,Foto,,,,,Total,19,14,,33,400,0,,0,0,0,0,10,0,10,0,0,419,
361450038837605,103185414664070,"Philosophical Gym Bro","Actualización de estado","Disco Elysium is so gud. Do skip the pretentious tl;dr under the post tho.",0,"08/04/2021 01:08",N/A,https://www.facebook.com/GymKingSadBoi/posts/pfbid0X2pQajsyK1AN48zuGHeGiHZP6wEo3yMGT6oqk4XtETVKC1zyRPFPryQySdLuzmNcl,0,Foto,,,,,Total,14,,,14,245,0,,0,0,0,1,2,0,3,0,0,261,
361553512160591,103185414664070,"Philosophical Gym Bro","Actualización de estado",,0,"08/04/2021 05:08",N/A,https://www.facebook.com/GymKingSadBoi/posts/pfbid0J9vt9TcCMLUinznXQbYTQ5FE2U3GC9ws5BSuQq7x7pEPxr3dGdCDj8QUVyj4yefFl,0,Foto,,,,,Total,31,5,,36,483,0,,0,0,0,1,11,0,12,0,0,487,
362279348754674,103185414664070,"Philosophical Gym Bro","Actualización de estado",,0,"08/05/2021 09:08",N/A,https://www.facebook.com/GymKingSadBoi/posts/pfbid04GwbVbTRLkHcaiF34oXrLLqfPsHhjcABxUJv4aCqCL98NUEaJStAZUxRVJz5Rjbvl,0,Foto,,,,,Total,10,2,,12,443,0,,0,0,0,0,3,1,4,0,0,461,
362283985420877,103185414664070,"Philosophical Gym Bro",,"OC. can a logician tell me if this meme is even good idek",0,"08/05/2021 09:08",N/A,https://www.facebook.com/GymKingSadBoi/posts/pfbid0J1dWVHtRdwBJ1zNEuVWB1tqZsDyWLydKMuVxiJ8zYH1AzfkaTBq3qegM5TYaTdT1l,0,Foto,,,,,Total,56,19,,75,1686,0,,0,0,0,1,38,4,43,0,0,1780,
362466865402589,103185414664070,"Philosophical Gym Bro",,"Source: Kant and Freud on Morality, by Béatrice Longuenesse",0,"08/05/2021 16:08",N/A,https://www.facebook.com/GymKingSadBoi/posts/pfbid0WFw2pD3VuouB6P6yxq2ZZDHcc6iaiJMS3GooXxi8KbwmnhECGiZEPCAFrhYbDXP6l,0,Foto,,,,,Total,,4,,4,454,0,,0,0,0,0,9,0,9,0,0,470,
362679328714676,103185414664070,"Philosophical Gym Bro",,"I have finally found it. The two genders",0,"08/06/2021 11:08",N/A,https://www.facebook.com/GymKingSadBoi/posts/pfbid0qGWycLr8jVb3t7vezj62XV4LaHGoJ32KSCft2Tf3ampfN3nszyC3Agh3cge3U1gWl,0,Foto,,,,,Total,1,1,,2,336,0,,0,0,0,0,6,0,6,0,0,363,
363208298661779,103185414664070,"Philosophical Gym Bro",,"O.C. 
A brief Foray into politics - a topic which we do not hope to return to.",0,"08/07/2021 12:08",N/A,https://www.facebook.com/GymKingSadBoi/posts/pfbid0iXmHNS3cs81nkMB2ipVuDT2BvudctGm8gzHnCSntk8j3xgswFeLfGgHEDM8htgS3l,0,Foto,,,,,Total,5,6,,11,511,0,,0,0,0,0,9,2,11,0,0,535,
364468175202458,103185414664070,"Philosophical Gym Bro","Actualización de estado",,0,"08/08/2021 16:08",N/A,https://www.facebook.com/GymKingSadBoi/posts/pfbid0faxcfTe6trk5pGXtQemKyYMCntv9gw6u2BbMwF1kAL78o93oxXPDgD1H5GvtwR3el,0,Foto,,,,,Total,20,5,,25,631,0,1,0,0,0,0,28,4,32,0,0,647,
364556305193645,103185414664070,"Philosophical Gym Bro","Asian Spiritual Shitposting (ASS)",,0,"08/08/2021 19:08",N/A,https://www.facebook.com/GymKingSadBoi/posts/pfbid06ssTxv94BpJLPt1wupasvN6f6zje3yJ9h4ohYm6CLULLr78dM9HVHS8zKibFWHgLl,0,Otro,,,,,Total,36,10,,46,751,0,1,0,0,0,0,34,4,38,0,0,779,
363210018661607,103185414664070,"Philosophical Gym Bro",,O.C.,0,"08/09/2021 10:08",N/A,https://www.facebook.com/GymKingSadBoi/posts/pfbid02E96LY9cXdwwAkkxc7ZsyXrVex56o8Nvgq9RoP9fPC7XunRQYi7EQGbs63QTuc6kCl,0,Foto,,,,,Total,58,24,,82,3849,0,1,0,0,0,1,54,4,59,0,0,3849,
365185741797368,103185414664070,"Philosophical Gym Bro","Actualización de estado",,0,"08/09/2021 20:08",N/A,https://www.facebook.com/GymKingSadBoi/posts/pfbid0ndBn9oCZJPPGamtPSLKMGT1irqRQ3WVWta534Xqw7uPzp1xVXUYkDbWYGTpxNyYBl,0,Foto,,,,,Total,2,1,,3,302,0,,0,0,0,0,9,1,10,0,0,316,
363213328661276,103185414664070,"Philosophical Gym Bro",,"Ya boi still on his Lacan Grind.
O.c, obviously",0,"08/10/2021 13:08",N/A,https://www.facebook.com/GymKingSadBoi/posts/pfbid04joofT7yimU3ZTSLftkiMg46DH2qgctf238cnqXAxz7DQ9H1gi6UZjCbdbJSzy7Pl,0,Foto,,,,,Total,18,10,,28,1164,0,,0,0,0,3,20,3,26,0,0,1229,
365868618395747,103185414664070,"Philosophical Gym Bro","Actualización de estado",,0,"08/10/2021 22:08",N/A,https://www.facebook.com/GymKingSadBoi/posts/pfbid02BddCeCJj3irB5bEnC3vXVPmpoDpsvxBFMYz74D7zD1iTT4p69A3bpLgi72PdCbDGl,0,Foto,,,,,Total,8,12,,20,361,0,,0,0,0,0,14,0,14,0,0,373,
363215495327726,103185414664070,"Philosophical Gym Bro",,"Autobiographical O.C.
Gymmin also got into Gandhi.",0,"08/11/2021 08:08",N/A,https://www.facebook.com/GymKingSadBoi/posts/pfbid097wTT4PY32aqiDWS5rw6CxeYKy4PZGH3dENCVTPLPHB9GEMFchndbmerJy4MwYXMl,0,Foto,,,,,Total,42,10,,52,923,0,1,0,0,0,3,55,1,59,0,0,947,
366318211684121,103185414664070,"Philosophical Gym Bro",,,0,"08/11/2021 14:08",N/A,https://www.facebook.com/GymKingSadBoi/posts/pfbid04vjFNxEYPys43v6JXCchLTmX6uzrfFs3nHiu2T1d8JuNhkpswnPoZmU9NRyzy8cJl,0,Foto,,,,,Total,25,3,,28,809,0,1,0,0,0,1,35,4,40,0,0,823,
366492161666726,103185414664070,"Philosophical Gym Bro","Actualización de estado",,0,"08/11/2021 21:08",N/A,https://www.facebook.com/GymKingSadBoi/posts/pfbid02tGpH6aWGyg4g8JkZBKYYQibhPRvcpRaHKhL71BFfvktBYdDoQMNkZkfj2aRTpFeyl,0,Foto,,,,,Total,9,1,,10,302,0,,0,0,0,0,13,0,13,0,0,322,
363218101994132,103185414664070,"Philosophical Gym Bro",,"A general introduction to psychoanalysis O.C.",0,"08/12/2021 10:08",N/A,https://www.facebook.com/GymKingSadBoi/posts/pfbid037EqV69cMjPYVPQFafRQLtPkyHZFLQhspKeobZVGVebFPFVRQpfPbCMYZ49PD8wJbl,0,Foto,,,,,Total,60,13,,73,1823,0,1,0,0,0,2,47,4,53,0,0,1837,
366956994953576,103185414664070,"Philosophical Gym Bro","Actualización de estado",,0,"08/12/2021 14:08",N/A,https://www.facebook.com/GymKingSadBoi/posts/pfbid029fwK9DdLcn7erCzrFjhm8URP1rMAQXcsZtjdrr9vLsTgjfhA8TH5aMtqzDDmtdbxl,0,Foto,,,,,Total,154,58,,212,1267,0,1,0,0,0,4,92,14,110,0,0,1317,
367001991615743,103185414664070,"Philosophical Gym Bro","Actualización de estado",,0,"08/12/2021 17:08",N/A,https://www.facebook.com/GymKingSadBoi/posts/pfbid025EJy78CzbKiAe4p7SwEu5EopPdqDjGbRc9uQyx5k4gCFbdSN4heLHT6FukjgZB1nl,0,Foto,,,,,Total,52,22,,74,936,0,1,0,0,0,1,30,6,37,0,0,961,
367472021568740,103185414664070,"Philosophical Gym Bro","Fotos subidas con el móvil",,0,"08/13/2021 09:08",N/A,https://www.facebook.com/GymKingSadBoi/posts/pfbid0FYM2pA31n46CvH3YwcTH1rCDG2FYxquAmagoNBTVRJW9WxRQ6raTiy6dDPr3hqM7l,0,Foto,,,,,Total,63,7,,70,797,0,1,0,0,0,2,35,0,37,0,0,808,
363219311994011,103185414664070,"Philosophical Gym Bro",,"More Autobiographical O.C.",0,"08/13/2021 15:08",N/A,https://www.facebook.com/GymKingSadBoi/posts/pfbid0tBgf1Wa8cbYU4xK4LEui6SqhtgzeVJDLBi8LZ9vGLEAXx7CTYjPpMj4XtYsmEuCel,0,Foto,,,,,Total,47,17,,64,2369,0,2,0,0,0,2,70,6,78,0,0,2455,
368219098160699,103185414664070,"Philosophical Gym Bro","Actualización de estado",,0,"08/14/2021 12:08",N/A,https://www.facebook.com/GymKingSadBoi/posts/pfbid0mtbSrkrTEjNiUfwCBc2yQTPvw1ivVUypoJjPnEU9qPfWeFQFYDdKujwQd5J5goJXl,0,Foto,,,,,Total,17,3,,20,312,0,,0,0,0,0,13,1,14,0,0,331,
368260991489843,103185414664070,"Philosophical Gym Bro",,"Fan Submission.",0,"08/14/2021 13:08",N/A,https://www.facebook.com/GymKingSadBoi/posts/pfbid0gF5DpxQM4K4viAvcyugqHRc4UBA875AbP6cQ1yvmh5AAzdqRmDgTCmJD4CaZHX4Xl,0,Foto,,,,,Total,37,25,,62,1173,0,,0,0,0,6,128,13,147,0,0,1235,
363223018660307,103185414664070,"Philosophical Gym Bro",,"THEY NEEDED TO KNOW.",0,"08/14/2021 16:08",N/A,https://www.facebook.com/GymKingSadBoi/posts/pfbid032iBmSjUP13HwNGGerad7Sx2ZeAvc4D1vkk83tw1nXBNbYViz1AuEKXQiptGDH2FDl,0,Foto,,,,,Total,4,3,,7,738,0,1,0,0,0,0,33,4,37,0,0,756,
368498904799385,103185414664070,"Philosophical Gym Bro","Actualización de estado",,0,"08/14/2021 23:08",N/A,https://www.facebook.com/GymKingSadBoi/posts/pfbid02fB9gJpZyEiapKTtp4GiVna23u6xpyNhfS9grTbKSqmDPZdj8pB2XZdRtFmYzsyuJl,0,Texto,,,,,Total,13,,,13,362,0,,0,0,0,0,8,0,8,0,0,372,
368760534773222,103185414664070,"Philosophical Gym Bro",,"Not OC",0,"08/15/2021 09:08",N/A,https://www.facebook.com/GymKingSadBoi/posts/pfbid0281HZMrgo1WfgxXUCQZ2rpa42UpUQVhrBZYkv9cfycNJykSLbniG6RE9jpFSbWow2l,0,Foto,,,,,Total,,5,,5,310,0,,0,0,0,0,11,0,11,0,0,334,
369023854746890,103185414664070,"Philosophical Gym Bro",,">tfw no honor",0,"08/15/2021 21:08",N/A,https://www.facebook.com/GymKingSadBoi/posts/pfbid021jWPEmfWcFa9KfB9uDsPajXz9u4siHVCoUJfqcGGErdec8zY7uaavehWmyYVRinil,0,Foto,,,,,Total,,2,,2,279,0,,0,0,0,0,9,1,10,0,0,300,
369358304713445,103185414664070,"Philosophical Gym Bro","Actualización de estado",,0,"08/16/2021 09:08",N/A,https://www.facebook.com/GymKingSadBoi/posts/pfbid02vaGetEnsSqGYXRcNyDVMvjASbXt9snvjCUxNYF4k7jKZkDceumEjVDFS4KVCYoGTl,0,Foto,,,,,Total,20,2,,22,584,0,,0,0,0,0,17,0,17,0,0,603,
370057621310180,103185414664070,"Philosophical Gym Bro","Actualización de estado","Profoundly Based",0,"08/17/2021 12:08",N/A,https://www.facebook.com/GymKingSadBoi/posts/pfbid035H3GCyBCNNVi3iFb972QriF4FU9eymKmm4U2i3JzrEtqueWzD9QUTz7EzW3La5Uol,0,Foto,,,,,Total,7,,,7,495,0,1,0,0,0,0,9,0,9,0,0,515,
370227667959842,103185414664070,"Philosophical Gym Bro","Actualización de estado",,0,"08/17/2021 19:08",N/A,https://www.facebook.com/GymKingSadBoi/posts/pfbid02ieRapLYcDxZNfaBR92vz9GXkjohg1kbhq4thRGRemhRv6WGNYgMQ5qt9oi6v9zMHl,0,Foto,,,,,Total,17,9,,26,412,0,,0,0,0,0,9,0,9,0,0,433,
370650047917604,103185414664070,"Philosophical Gym Bro","Actualización de estado",,0,"08/18/2021 11:08",N/A,https://www.facebook.com/GymKingSadBoi/posts/pfbid0J33rTvhVhqbN126hJikmLN3tyCpWGP9DsVRz2AJbeTSKQiSxr97ia41CswpXQiNvl,0,Foto,,,,,Total,3,4,,7,326,0,,0,0,0,0,5,1,6,0,0,344,
370937851222157,103185414664070,"Philosophical Gym Bro","Actualización de estado",,0,"08/18/2021 23:08",N/A,https://www.facebook.com/GymKingSadBoi/posts/pfbid0Z4sdxb7F3DWCoAknXrtooJ1tV5Ywz8ohxNpfMhM5otfdS35iq5CcTCYvwG8LbcSPl,0,Foto,,,,,Total,14,2,,16,411,0,,0,0,0,3,13,2,18,0,0,428,
371010831214859,103185414664070,"Philosophical Gym Bro","Actualización de estado",,0,"08/19/2021 02:08",N/A,https://www.facebook.com/GymKingSadBoi/posts/pfbid02ZJJgaJ3MoEbg8EdawTLmYEbtE6jrVgFLHSkuDqPb7EnSKKoE7Ye7UZXpmXmNjXWKl,0,Foto,,,,,Total,38,17,,55,440,0,,0,0,0,1,20,0,21,0,0,481,
372293874419888,103185414664070,"Philosophical Gym Bro","Actualización de estado",,0,"08/20/2021 23:08",N/A,https://www.facebook.com/GymKingSadBoi/posts/pfbid023rNNL1P4sC3zk9QA3ksCWkkx7is82Rr7BJ7GPU6Tt1JxWeA9i9gZ5DJkh4ENxSEtl,0,Foto,,,,,Total,110,19,,129,1282,0,1,0,0,0,5,81,10,96,0,0,1339,
372944744354801,103185414664070,"Philosophical Gym Bro","Actualización de estado",,0,"08/21/2021 23:08",N/A,https://www.facebook.com/GymKingSadBoi/posts/pfbid02qoXprgHxxZJ9Ebe9e3UbUXca5DNCuB2iYnBVfuoxSEDReNtEawWpCzkfA99aSCQJl,0,Foto,,,,,Total,46,22,,68,1147,0,1,0,0,0,0,97,10,107,0,0,1204,
372985251017417,103185414664070,"Philosophical Gym Bro","Actualización de estado",,0,"08/22/2021 01:08",N/A,https://www.facebook.com/GymKingSadBoi/posts/pfbid03Lmqd57CsN7gTFYmiVxYYcc5wJbK87ka6ViwgF5Nb5bPrED9KVVSHQWSEQk9qBDUl,0,Foto,,,,,Total,36,12,,48,753,0,1,0,0,0,2,33,1,36,0,0,787,
373433254305950,103185414664070,"Philosophical Gym Bro","Actualización de estado",,0,"08/22/2021 18:08",N/A,https://www.facebook.com/GymKingSadBoi/posts/pfbid02EPBSvHyTPxcKLVFFimq2mUT2kmc7stduMgLUFsoepPYG2XAQmTC9K6tgDqSYDH2Fl,0,Foto,,,,,Total,3,2,,5,306,0,1,0,0,0,0,2,0,2,0,0,326,
373969374252338,103185414664070,"Philosophical Gym Bro","Actualización de estado",,0,"08/23/2021 14:08",N/A,https://www.facebook.com/GymKingSadBoi/posts/pfbid0RRbB9xe2nbgKi1T81aAsX537DZagMyhg6sPyELQfe6wuiKvTSCreJiTMKnDedxRRl,0,Foto,,,,,Total,14,4,,18,533,0,,0,0,0,0,10,1,11,0,0,559,
374754880840454,103185414664070,"Philosophical Gym Bro","Actualización de estado",,0,"08/24/2021 21:08",N/A,https://www.facebook.com/GymKingSadBoi/posts/pfbid0QfMq7syJoBR6Xy4StNPsK2AoxXk2dowFQosoxovz8hT6jmjt7bNMdfr4Tva3xXLUl,0,Foto,,,,,Total,63,14,,77,940,0,1,0,0,0,2,40,5,47,0,0,983,
375048527477756,103185414664070,"Philosophical Gym Bro","Actualización de estado",,0,"08/25/2021 07:08",N/A,https://www.facebook.com/GymKingSadBoi/posts/pfbid02DSo3ibknufj8TWWoKMub1rbyQ73jpmJQs4JmNbwMPd5wjYfoaZyvRX1MLgvUVpSPl,0,Foto,,,,,Total,25,12,,37,667,0,1,0,0,0,0,21,1,22,0,0,705,
375366084112667,103185414664070,"Philosophical Gym Bro","Actualización de estado",,0,"08/25/2021 20:08",N/A,https://www.facebook.com/GymKingSadBoi/posts/pfbid02WMwMQ8ewYQHFSEoTo7eoUFXsYivms3a8kq8Pq5RCVtucCEF37obBTT7SMnA3W7f6l,0,Foto,,,,,Total,34,11,,45,898,0,1,0,0,0,0,64,12,76,0,0,923,1
376037084045567,103185414664070,"Philosophical Gym Bro","Actualización de estado",,0,"08/26/2021 22:08",N/A,https://www.facebook.com/GymKingSadBoi/posts/pfbid0aMFDec5mFwjp2VYpW9CHzhyS6XpwA73pYRoeonG7Wrjxe2BdyYbdpEN2dnvbo6kKl,0,Foto,,,,,Total,17,3,,20,731,0,,0,0,0,2,17,2,21,0,0,785,
376477027334906,103185414664070,"Philosophical Gym Bro",,,0,"08/27/2021 14:08",N/A,https://www.facebook.com/GymKingSadBoi/posts/pfbid0HtK7qiKXSA6Ap6ritYrnekVatcaDTHkGwWKYwud5Yej5PheGF2meG4VvY3vYjSWol,0,Foto,,,,,Total,72,15,1,88,1646,0,1,0,0,0,7,78,11,96,0,0,1710,
376663337316275,103185414664070,"Philosophical Gym Bro",,"OC depiction of the near future for Freudmin",0,"08/28/2021 11:08",N/A,https://www.facebook.com/GymKingSadBoi/posts/pfbid0fsziwqjqszkcRuyx4aQnyBoK3iSWCia2ESbSSWZL2kGhJDakEEsEkQxGpUQBBPnfl,0,Foto,,,,,Total,93,10,,103,1691,0,,0,0,0,11,58,8,77,0,0,1809,
377298413919434,103185414664070,"Philosophical Gym Bro","Actualización de estado",,0,"08/28/2021 21:08",N/A,https://www.facebook.com/GymKingSadBoi/posts/pfbid031oSMYqwEbiBvRjwArMAtjowd7A7fgBiyD8jiN9GQSxALSf9Zd3Eh44AwouUSzJhkl,0,Foto,,,,,Total,2,5,1,8,389,0,,0,0,0,0,7,1,8,0,0,409,
378167747165834,103185414664070,"Philosophical Gym Bro","Actualización de estado","""Mother! The edible phalluses demand moisture.""",0,"08/30/2021 07:08",N/A,https://www.facebook.com/GymKingSadBoi/posts/pfbid0G77K6C6W8HPeSuGp6KcZUn5d419QTP5WFvtohwutxfPcKa4nUPL9jwrKcpnKBogUl,0,Foto,,,,,Total,14,6,,20,579,0,,0,0,0,0,19,3,22,0,0,605,
378558543793421,103185414664070,"Philosophical Gym Bro",,"I'm looking at you Camus. (And others)
O.C.",0,"08/30/2021 20:08",N/A,https://www.facebook.com/GymKingSadBoi/posts/pfbid0RmaLD3kngU3u9vJVSikT3xBZGXUntJ1xCCKorsSMNbN5NmiTSsK9KqjjaTc5PKn5l,0,Foto,,,,,Total,26,4,,30,1071,0,,0,0,0,1,28,4,33,0,0,1114,
378939227088686,103185414664070,"Philosophical Gym Bro","Actualización de estado",,0,"08/31/2021 10:08",N/A,https://www.facebook.com/GymKingSadBoi/posts/pfbid037mXPf6h2bygYcSYgd52mKWsoUdv8qMaK9gUvo9JU4967nq1UuBF51cR8owJPdaSbl,0,Foto,,,,,Total,32,13,,45,843,0,,0,0,0,0,43,5,48,0,0,865,
378975967085012,103185414664070,"Philosophical Gym Bro","Actualización de estado",,0,"08/31/2021 11:08",N/A,https://www.facebook.com/GymKingSadBoi/posts/pfbid0yEUasdNojfT3jqUBNaaKrwBdSXUhHtXPon7FXGT8g5vMe8GmewV2TwkDCqEnHZc8l,0,Foto,,,,,Total,19,7,,26,794,0,,0,0,0,0,25,4,29,0,0,825,
379697513679524,103185414664070,"Philosophical Gym Bro",,"A quick and lazy OC",0,"09/01/2021 13:09",N/A,https://www.facebook.com/GymKingSadBoi/posts/pfbid0sJgZodUHEA6DkQFiSr5YQws8y7vAeVQcrHxw3vd87GNpXx1c5q2n2Y3EUrQaAXJ9l,0,Foto,,,,,Total,5,,,5,356,0,,0,0,0,0,29,3,32,0,0,379,
379739180342024,103185414664070,"Philosophical Gym Bro","Actualización de estado",,0,"09/01/2021 14:09",N/A,https://www.facebook.com/GymKingSadBoi/posts/pfbid0q7nEz8UAToq7gw3HT5ZPSZyPipBmRxx6yJ9RsMk1cfU471DLuXNLP6WpzJP9DN9Vl,0,Foto,,,,,Total,2,3,,5,363,0,,0,0,0,0,1,0,1,0,0,382,
379771550338787,103185414664070,"Philosophical Gym Bro","Actualización de estado",,0,"09/01/2021 16:09",N/A,https://www.facebook.com/GymKingSadBoi/posts/pfbid02X6e25NkpXzMkeTd4tLXEas1d4Wn1Y2mCZtwyrTUeHxuyFu3LCeBFs4xpxSrxTTELl,0,Foto,,,,,Total,16,7,,23,681,0,,0,0,0,0,36,5,41,0,0,714,
379790913670184,103185414664070,"Philosophical Gym Bro",,"Historymin just finished Anna Karenina. Good stuff. 
OC",0,"09/02/2021 11:09",N/A,https://www.facebook.com/GymKingSadBoi/posts/pfbid016GVAtCXU8EiAHxYyFH6MxFDxwbgbhQyfFwqZdWHHKs2bJ7iUWheTajouAGKSi4Rl,0,Foto,,,,,Total,9,22,,31,689,0,,0,0,0,1,7,0,8,0,0,725,
380427173606558,103185414664070,"Philosophical Gym Bro","Actualización de estado","Alternatively this is an example of the Lacanian passion of ignorance, of *shniiffffffff* the will not-to-know and so on",0,"09/02/2021 16:09",N/A,https://www.facebook.com/GymKingSadBoi/posts/pfbid09TvcW9WHvgUGb2ofAUqXr5dz2jp8QKSunFPTj3t1YKB7yQypYV2UNLkwezAw2caGl,0,Foto,,,,,Total,8,1,,9,567,0,,0,0,0,0,20,2,22,0,0,586,
380487336933875,103185414664070,"Philosophical Gym Bro","Fotos de la biografía",,0,"09/02/2021 18:09",N/A,https://www.facebook.com/GymKingSadBoi/posts/pfbid026hvzfFZQGq1xuj4ckBQuGXbmuBgonAJZXBzusTj4zi4m3hNDQNhYuUGHGQLpn55Pl,0,Foto,,,,,Total,20,4,,24,400,0,,0,0,0,1,15,1,17,0,0,413,
380893396893269,103185414664070,"Philosophical Gym Bro",,"We on our passion of ignorance bullshit",0,"09/03/2021 09:09",N/A,https://www.facebook.com/GymKingSadBoi/posts/pfbid0NjkKKzGjquP2MA5dgxdyAtbiRJwAAHCS7ymF85uCnwzGvmh4ygCCi4zARuqgs3c6l,0,Foto,,,,,Total,17,2,,19,959,0,1,0,0,0,9,54,7,70,0,0,969,
381141960201746,103185414664070,"Philosophical Gym Bro","Actualización de estado",,0,"09/03/2021 19:09",N/A,https://www.facebook.com/GymKingSadBoi/posts/pfbid02iEj4kMmWmYxHaAaLwopmcKuKZXx7PMSSXkU33Me2J7LoVtupfiWcCyteAYzJLRCal,0,Foto,,,,,Total,10,2,,12,533,0,,0,0,0,0,17,0,17,0,0,551,
381148436867765,103185414664070,"Philosophical Gym Bro","Actualización de estado",,0,"09/03/2021 19:09",N/A,https://www.facebook.com/GymKingSadBoi/posts/pfbid0Pikm9nF6TDBzhUcTCf72zebTQ1zxn2uEtsU3LbJXUmhzPWKysb4UYPExXKDj5Kssl,0,Foto,,,,,Total,42,11,,53,1018,0,1,0,0,0,5,89,15,109,0,0,1043,
381163743532901,103185414664070,"Philosophical Gym Bro","Actualización de estado",,0,"09/03/2021 19:09",N/A,https://www.facebook.com/GymKingSadBoi/posts/pfbid0cBciW1CFVPRMxxiuQyfNaofGWfzVbuCycaJXDyUV2orC4rypnmGD1dzKJnUfUfZYl,0,Foto,,,,,Total,19,11,,30,660,0,,0,0,0,0,48,11,59,0,0,711,
381638013485474,103185414664070,"Philosophical Gym Bro",,,0,"09/04/2021 13:09",N/A,https://www.facebook.com/GymKingSadBoi/posts/pfbid0263pLdHWxRyaqe5CjLpn9Sy9TUEeaPoEFaTS8Qf8sLGHsb1CW8FYisgmU414D5HsCl,0,Foto,,,,,Total,24,31,,55,1096,0,,0,0,0,0,26,2,28,0,0,1136,
381725576810051,103185414664070,"Philosophical Gym Bro","Actualización de estado","Existentialists are manlets confirmed",0,"09/04/2021 17:09",N/A,https://www.facebook.com/GymKingSadBoi/posts/pfbid0zAKLbYThRSQXMnKSuXkv16q3f1hLCZgCGFH8qBHsyuzoqwxRnaYex7LVF89W7wWel,0,Foto,,,,,Total,58,6,,64,1078,0,1,0,0,0,2,48,9,59,0,0,1112,
381740210141921,103185414664070,"Philosophical Gym Bro","Actualización de estado","just @ us next time bro",0,"09/04/2021 17:09",N/A,https://www.facebook.com/GymKingSadBoi/posts/pfbid0JJEHEry4ufThwRXmHPW62xhYob6VaXVMkP5Cc24iFnTHQi7GYuDMgYrcZSLsYJ8nl,0,Texto,,,,,Total,91,,,91,955,0,1,0,0,0,2,63,9,74,0,0,1005,
382145220101420,103185414664070,"Philosophical Gym Bro","Actualización de estado",,0,"09/05/2021 08:09",N/A,https://www.facebook.com/GymKingSadBoi/posts/pfbid02WcToK62y1ii6JVeYboNeZa6jgoyJXUzA5qE2PWd9Zg7JVvWnfL4D9hnbquPHZQnJl,0,Foto,,,,,Total,50,15,,65,923,0,1,0,0,0,2,50,5,57,0,0,964,
382379150078027,103185414664070,"Philosophical Gym Bro","Actualización de estado",,26,"09/05/2021 18:09",N/A,https://www.facebook.com/GymKingSadBoi/posts/pfbid0FAWDgrjBwUDdHJKmtsmRXPuNfMyV9LGi1bCFgg4Adxf3CpULTa14rsU52KiaeaJdl,0,Vídeo,,,,,Total,75,,1,76,565,0,1,0,0,263,1,20,0,21,0,0,589,
383142473335028,103185414664070,"Philosophical Gym Bro",,"Late night OC",0,"09/07/2021 01:09",N/A,https://www.facebook.com/GymKingSadBoi/posts/pfbid0cqqhvAzUG4tmzt2oHc6Z3Cu3kZjWDkJRZpPjuKtTkrFKybjPNXQAYzDVDi4nGdh3l,0,Foto,,,,,Total,128,12,,140,2441,0,1,0,0,0,4,75,14,93,0,0,2575,1
383635156619093,103185414664070,"Philosophical Gym Bro","Actualización de estado",,0,"09/07/2021 19:09",N/A,https://www.facebook.com/GymKingSadBoi/posts/pfbid02K4MERWyrYE5AFLhpRsiEYuDD1nFcKuFaigedmXXcQ9rC3VB81bJ1noERaXJyURnKl,0,Foto,,,,,Total,7,1,,8,245,0,,0,0,0,0,9,0,9,0,0,268,
383902243259051,103185414664070,"Philosophical Gym Bro",,"Freudmin may have the coof. It was an honor serving with you gentlemen.",0,"09/08/2021 06:09",N/A,https://www.facebook.com/GymKingSadBoi/posts/pfbid02BiRuV7Wou4E4GeZYuuH2TecX9ZCTJRnAFxMEBP1BaQfW7NVVMHjpr4R2W4QwzZbql,0,Foto,,,,,Total,20,,,20,453,0,,0,0,0,1,20,0,21,0,0,477,
385484513100824,103185414664070,"Philosophical Gym Bro","Actualización de estado",,0,"09/10/2021 15:09",N/A,https://www.facebook.com/GymKingSadBoi/posts/pfbid02Anb9mCRvD8PSNpaVdQZBmJ35ozEFkXvzQWiNXm78GhvbGPun26HzHDEuFQoF3pMml,0,Foto,,,,,Total,15,12,,27,887,0,1,0,0,0,0,42,5,47,0,0,919,
385723609743581,103185414664070,"Philosophical Gym Bro",,"Found in the wild",0,"09/11/2021 01:09",N/A,https://www.facebook.com/GymKingSadBoi/posts/pfbid02cgZDUVJN5Pf957prux6VXKcU6drHCQayBHD1zqnvoPNwxx1sADPXPh3JkSANYw1cl,0,Foto,,,,,Total,4,6,,10,608,0,1,0,0,0,0,18,0,18,0,0,624,
386143403034935,103185414664070,"Philosophical Gym Bro",,"OC
I have no idea what this means. It just came to me and I laughed.",0,"09/12/2021 11:09",N/A,https://www.facebook.com/GymKingSadBoi/posts/pfbid0TZypAoHLCYJoN1pCXzBZBsw7uQxmpfAbfS43VDN5UXBNYB5rYXBLcqFo8aHAT9i8l,0,Foto,,,,,Total,13,5,,18,466,0,,0,0,0,1,14,1,16,0,0,491,
387172832931992,103185414664070,"Philosophical Gym Bro","Actualización de estado",,0,"09/13/2021 06:09",N/A,https://www.facebook.com/GymKingSadBoi/posts/pfbid02aMTpwnh9gZM2JgSARzMX4qkRe6ecMBtrv8kfNwCPzWaVwSEDKCGVWjByZvm7G3ndl,0,Foto,,,,,Total,45,3,,48,895,0,1,0,0,0,2,20,4,26,0,0,920,
387964476186161,103185414664070,"Philosophical Gym Bro","Actualización de estado",,0,"09/14/2021 10:09",N/A,https://www.facebook.com/GymKingSadBoi/posts/pfbid02mK4pJYtadirfxJRVTwogV4PC2MGkJtxHTNwSboFrPqgrvVZd8S9tZVpjFmUKGTNZl,0,Foto,,,,,Total,33,23,,56,958,0,,0,0,0,1,97,10,108,0,0,984,
388268806155728,103185414664070,"Philosophical Gym Bro","Actualización de estado",,0,"09/14/2021 23:09",N/A,https://www.facebook.com/GymKingSadBoi/posts/pfbid02t7kYKkryvY3cp4eU9Xfd7GpaEDRYWrmXh3LB1MumVW6Xtngo4bgKReXA7eS1QLAol,0,Foto,,,,,Total,63,19,,82,1124,0,1,0,0,0,4,75,7,86,0,0,1136,
388779419438000,103185414664070,"Philosophical Gym Bro","Actualización de estado",,0,"09/15/2021 18:09",N/A,https://www.facebook.com/GymKingSadBoi/posts/pfbid0VaWR4HDxcHx9BMPQZR1J1npNwgNpuZQqLQTwQDxywDKdyqaDZGo3gkWAgdZ3pECgl,0,Foto,,,,,Total,24,10,,34,484,0,,0,0,0,0,22,6,28,0,0,504,
388901002759175,103185414664070,"Philosophical Gym Bro","Actualización de estado","When the obnoxious kid from your metaphysics class last year who thinks he's fucking Socrates is in your ethics class this semester",0,"09/15/2021 23:09",N/A,https://www.facebook.com/GymKingSadBoi/posts/pfbid0wJY3t5LJgfQRRSLVQxz7eZSuqT9P1Hy42wSrQBn3DkZTWLr6FX9bNrGxP1BgxSVl,0,Foto,,,,,Total,16,7,,23,657,0,1,0,0,0,0,43,3,46,0,0,678,
389785622670713,103185414664070,"Philosophical Gym Bro","Actualización de estado",,0,"09/17/2021 06:09",N/A,https://www.facebook.com/GymKingSadBoi/posts/pfbid02RLEjvokusH61jWJpfhZTPrpxRecgLYokDi5UoPymHW6GWcUgDdboB5q1TRi165Rml,0,Foto,,,,,Total,7,4,,11,597,0,,0,0,0,0,19,3,22,0,0,604,
389832369332705,103185414664070,"Philosophical Gym Bro","Sigmund Freud's Dank Meme Stash 2: Daddy's Return",,0,"09/17/2021 08:09",N/A,https://www.facebook.com/GymKingSadBoi/posts/pfbid02odcXvEivPGkE7iBUdJEECDkKb59S6LP1GvH9ApFPcBoHrArmvXhGWNPwbrKdoqfsl,0,Otro,,,,,Total,18,10,,28,814,0,,0,0,0,1,27,1,29,0,0,838,
389883605994248,103185414664070,"Philosophical Gym Bro","Actualización de estado",,0,"09/17/2021 09:09",N/A,https://www.facebook.com/GymKingSadBoi/posts/pfbid02353f2fXVkfNNsF6enS6mMzfDoJdzJUwCLnFALXzkZba2LNncAa4DN7kJpeEp5kWvl,0,Foto,,,,,Total,14,18,,32,767,0,,0,0,0,2,20,0,22,0,0,787,
389953915987217,103185414664070,"Philosophical Gym Bro","Actualización de estado",,0,"09/17/2021 12:09",N/A,https://www.facebook.com/GymKingSadBoi/posts/pfbid02zAyHRY6BZSGTM9T5z8rJwN2PiVBcKBgwxrbkp1NqMKhTDc55tFF4wXPFLTkF8WmPl,0,Foto,,,,,Total,41,8,,49,929,0,,0,0,0,2,32,1,35,0,0,932,
390672252582050,103185414664070,"Philosophical Gym Bro","Actualización de estado",,0,"09/18/2021 15:09",N/A,https://www.facebook.com/GymKingSadBoi/posts/pfbid0uA9QV48Wk1nbCofwzYZWZnHgB6tk5Phrt5cqaQeuQ8Wr1VSWWwix6sQjzqq1uSTHl,0,Foto,,,,,Total,150,90,,240,1351,0,,0,0,0,1,65,4,70,0,0,1384,
390699209246021,103185414664070,"Philosophical Gym Bro","Actualización de estado","Lift big brain books",0,"09/18/2021 17:09",N/A,https://www.facebook.com/GymKingSadBoi/posts/pfbid0qURQLS7ZveCgTTBcUHEFCrMt9AkzBf1QXhUBAcqCLe4JpqV4GY5T4jm7gkjxHp18l,0,Foto,,,,,Total,51,14,,65,958,0,,0,0,0,1,44,0,45,0,0,1008,
391711902478085,103185414664070,"Philosophical Gym Bro","Actualización de estado",,0,"09/20/2021 09:09",N/A,https://www.facebook.com/GymKingSadBoi/posts/pfbid0tfXsdC2fMA5gZDQVkNZA4GEZpfMia3TRkL2oYLrCTVgqcG1VkbykKgSnTNFDqCA2l,0,Foto,,,,,Total,5,4,,9,483,0,,0,0,0,0,10,1,11,0,0,500,
391764565806152,103185414664070,"Philosophical Gym Bro","Actualización de estado",,0,"09/20/2021 10:09",N/A,https://www.facebook.com/GymKingSadBoi/posts/pfbid0UjoLteyNiXDvE82uDKzuTksBF8dUHwxA2shGQX2JfWwkfJxHpw33kP33ABAnqfFtl,0,Foto,,,,,Total,26,5,,31,611,0,1,0,0,0,0,31,0,31,0,0,625,
391963895786219,103185414664070,"Philosophical Gym Bro",,Stolen,0,"09/20/2021 19:09",N/A,https://www.facebook.com/GymKingSadBoi/posts/pfbid0Yd6mckzRwph3KCc5Q6UgwoaM6obGxmyJ2eVs7p48vfSiDsYxvSfXiifVtGGdxkjhl,0,Foto,,,,,Total,28,8,,36,1124,0,,0,0,0,1,44,6,51,0,0,1130,
392507529065189,103185414664070,"Philosophical Gym Bro","Actualización de estado",,0,"09/21/2021 12:09",N/A,https://www.facebook.com/GymKingSadBoi/posts/pfbid02a8FR4W1XC1gVA5vEsGxMjkLub3QP9VUPWt724bAtArSB2Epxb4cTMsnvwgTBHxRXl,0,Foto,,,,,Total,88,23,,111,1145,0,2,0,0,0,1,40,2,43,0,0,1169,
392534105729198,103185414664070,"Philosophical Gym Bro","Actualización de estado",,0,"09/21/2021 13:09",N/A,https://www.facebook.com/GymKingSadBoi/posts/pfbid06nr6MbRRUvseyF8E24okGp6bedKHmDFfAB5mNMkz7CnF8DTpTxAg4kHT8CwgRVZGl,0,Foto,,,,,Total,21,9,,30,605,0,,0,0,0,0,31,3,34,0,0,622,
392740812375194,103185414664070,"Philosophical Gym Bro","Asian Spiritual Shitposting (ASS)",,0,"09/21/2021 21:09",N/A,https://www.facebook.com/GymKingSadBoi/posts/pfbid02Mit76HvxBYsywFQktd1RWMKCeJFd6czZhWhybQKd4A5KJ4h6xrSsNVQoGwfxVPYAl,0,Otro,,,,,Total,4,,,4,446,0,,0,0,0,0,13,0,13,0,0,458,
392749025707706,103185414664070,"Philosophical Gym Bro","Actualización de estado",,0,"09/21/2021 22:09",N/A,https://www.facebook.com/GymKingSadBoi/posts/pfbid0JtdYphi5LufYDcYQ4v54ktZovZoispcaw5EuumLp3f9wV1iZ8M86H4KoLnysxQLwl,0,Foto,,,,,Total,130,19,,149,1295,0,1,0,0,0,2,99,8,109,0,0,1323,
392805999035342,103185414664070,"Philosophical Gym Bro","Actualización de estado","Who else rereading Foundation before the show comes out?",0,"09/22/2021 00:09",N/A,https://www.facebook.com/GymKingSadBoi/posts/pfbid02tW2jrLU79bAnzKcEDFT46jhLXjXzUPi4oTUcpffhwFS2AwiShHQG6D4tUuCsWL7Zl,0,Foto,,,,,Total,8,12,,20,464,0,,0,0,0,0,9,2,11,0,0,480,
392991085683500,103185414664070,"Philosophical Gym Bro","Actualización de estado","Yes and",0,"09/22/2021 07:09",N/A,https://www.facebook.com/GymKingSadBoi/posts/pfbid0we5s2AsULRXYq4PrF95ABRoSH39StVZH9BL6jGq4pcKVTQVLpF62a52sHMx3JpGgl,0,Foto,,,,,Total,52,17,,69,1223,0,1,0,0,0,0,76,8,84,0,0,1252,
393690572280218,103185414664070,"Philosophical Gym Bro",,oC,0,"09/23/2021 08:09",N/A,https://www.facebook.com/GymKingSadBoi/posts/pfbid02Pg2M7VUZox1Jkdqdi14HrAhaBd7jgF32HTxyhk2ZJAFjtBSBDQZ8f6oiRD24ki63l,0,Foto,,,,,Total,1,2,,3,372,0,,0,0,0,0,13,1,14,0,0,399,
393900222259253,103185414664070,"Philosophical Gym Bro",,OC,0,"09/23/2021 15:09",N/A,https://www.facebook.com/GymKingSadBoi/posts/pfbid0W7JdaCRJa5QQwCNEKnZLbuH45QtrZp7qHLnAMgPRNe8SRhEn5EbMQfdvhB6tzicpl,0,Foto,,,,,Total,18,8,,26,770,0,,0,0,0,1,52,3,56,0,0,823,
394357518880190,103185414664070,"Philosophical Gym Bro",,Stolen,0,"09/24/2021 08:09",N/A,https://www.facebook.com/GymKingSadBoi/posts/pfbid0puSUjEBdZB6JgmXuqFTyqVYo9GT6eWuskVjS8q6Su2M1uGMfokqzdvruW5Cemyvtl,0,Foto,,,,,Total,73,34,,107,3543,0,1,0,0,0,13,226,28,267,0,0,3752,
394695548846387,103185414664070,"Philosophical Gym Bro","Asian Spiritual Shitposting (ASS)",,0,"09/24/2021 21:09",N/A,https://www.facebook.com/GymKingSadBoi/posts/pfbid0FWbi89bim5dBEBaNPbhKDx5SZsTgsmxBmL8RH7ZHERFgv3UYQddD2TUvFGNb6VAxl,0,Otro,,,,,Total,30,7,,37,660,0,1,0,0,0,3,36,8,47,0,0,694,
395177625464846,103185414664070,"Philosophical Gym Bro","Actualización de estado",,0,"09/25/2021 15:09",N/A,https://www.facebook.com/GymKingSadBoi/posts/pfbid02GetUaiBf1Tu3aPNxFRoLBLsnRKfktTp72R8rSrvLvPU128FVeUgwM5gspqjFgydml,0,Foto,,,,,Total,25,12,,37,667,0,,0,0,0,0,15,3,18,0,0,685,
395178345464774,103185414664070,"Philosophical Gym Bro","Actualización de estado",,0,"09/25/2021 15:09",N/A,https://www.facebook.com/GymKingSadBoi/posts/pfbid02kjDDdivSqkTFt6vL6ZAhSUMxBz9fyDe7QmoFkdDM1TExB3owjRB7pnwTkB3EsMDbl,0,Foto,,,,,Total,31,10,,41,879,0,,0,0,0,1,28,4,33,0,0,917,
395590022090273,103185414664070,"Philosophical Gym Bro","Actualización de estado",,0,"09/26/2021 07:09",N/A,https://www.facebook.com/GymKingSadBoi/posts/pfbid02UQuVdc9JX69S6fSZGNiWwVejjRRQ6crMUKdnonVWD2MH2wQjyLKCw9ZbvvvpHJhkl,0,Foto,,,,,Total,61,21,,82,794,0,,0,0,0,0,30,3,33,0,0,805,
395594605423148,103185414664070,"Philosophical Gym Bro","Actualización de estado",,0,"09/26/2021 07:09",N/A,https://www.facebook.com/GymKingSadBoi/posts/pfbid02D4JCrrHDfNtzoQLDWQdzZwfW9tb4xVYxUV39XSNP7LhWbwsAZwX9HyqY8pnMuNyjl,0,Foto,,,,,Total,19,5,,24,508,0,,0,0,0,0,12,1,13,0,0,524,
395670548748887,103185414664070,"Philosophical Gym Bro",,"What could this mean? (Not OC)",0,"09/26/2021 09:09",N/A,https://www.facebook.com/GymKingSadBoi/posts/pfbid0GR8RpPzDU77okQunpiLGBtjFXWxraU3j9Zd78AHjzytgGJybRX4zU8GDHdWu6mdXl,0,Foto,,,,,Total,35,19,,54,789,0,,0,0,0,3,32,5,40,0,0,838,
396885115294097,103185414664070,"Philosophical Gym Bro",,"Not OC, but ya boi has been reading Heidegger lately",0,"09/28/2021 08:09",N/A,https://www.facebook.com/GymKingSadBoi/posts/pfbid034YmxVmjWvtKP4Kd7sAEHf8vxFGcTgVXKuSbakxiaobKxLXodAHacx3LP7QCcZbxAl,0,Foto,,,,,Total,212,55,,267,3240,0,1,0,0,0,23,199,32,254,0,0,3414,
396902181959057,103185414664070,"Philosophical Gym Bro","Actualización de estado",,0,"09/28/2021 08:09",N/A,https://www.facebook.com/GymKingSadBoi/posts/pfbid02uAagYeFT2JvEBkZS4RVPymLDhgQZXnHF4jZWS7zMMHxaJko7q418gANPZvTZafvWl,0,Foto,,,,,Total,18,4,1,23,728,0,,0,0,0,2,35,3,40,0,0,744,
396953725287236,103185414664070,"Philosophical Gym Bro",,"NORMALIZE 👏 HAVING 👏 FOUR 👏 EGGS 👏 AND 👏 A 👏 PROTEIN 👏 SHAKE 👏 FOR 👏 BREAKFAST 👏",0,"09/28/2021 10:09",N/A,https://www.facebook.com/GymKingSadBoi/posts/pfbid02tocX3jLin3zGEUdqpvGkUrXHcC2tHSKRxEVSRHWG5d9aLBH1rXMz7usgmafrWjydl,0,Texto,,,,,Total,55,,,55,776,0,,0,0,0,6,33,1,40,0,0,809,
397072941941981,103185414664070,"Philosophical Gym Bro",,,0,"09/28/2021 14:09",N/A,https://www.facebook.com/GymKingSadBoi/posts/pfbid0zoEHz3ZXD3tbbBek5RzbGMARE4vSZ6VnDXcw5AkTYfic9h4vtE4NnwttH2qMyKeRl,0,Foto,,,,,Total,19,4,,23,959,0,,0,0,0,1,54,5,60,0,0,1024,
397176708598271,103185414664070,"Philosophical Gym Bro","Actualización de estado",,0,"09/28/2021 19:09",N/A,https://www.facebook.com/GymKingSadBoi/posts/pfbid0fRZrJo6PDPR8f1KFVd7kQVVsHh5Nxc3dpGG31eXSw15bES92YDZXSWMaBV6da21Zl,0,Foto,,,,,Total,41,5,,46,335,0,,0,0,0,0,6,0,6,0,0,357,
397446475237961,103185414664070,"Philosophical Gym Bro","Actualización de estado",,0,"09/29/2021 06:09",N/A,https://www.facebook.com/GymKingSadBoi/posts/pfbid02nzhZ6VyzkzLdFY6Uh9m3Ajt4yU67nbEX982XpaL6M1i5KX6Pbtc8ALvoLmmH6Rh6l,0,Foto,,,,,Total,12,6,,18,398,0,,0,0,0,0,9,1,10,0,0,420,
398206345161974,103185414664070,"Philosophical Gym Bro","Actualización de estado",,0,"09/30/2021 10:09",N/A,https://www.facebook.com/GymKingSadBoi/posts/pfbid02zdWVSnVR9ouwLcc16f1Fs8f2XU6Qa8PRkcg7giLodFHFAGCfELQsWyjkgX2m5gEYl,0,Foto,,,,,Total,7,4,,11,423,0,,0,0,0,1,17,1,19,0,0,437,
398254991823776,103185414664070,"Philosophical Gym Bro","Actualización de estado",,0,"09/30/2021 12:09",N/A,https://www.facebook.com/GymKingSadBoi/posts/pfbid02Kkea7Y7nwqjGL7AwxkXpye8PCNHzaFuVCJf5RnXh26VNMZuScLzSCcbQBcTv4aUal,0,Foto,,,,,Total,139,20,,159,1374,0,,0,0,0,6,84,10,100,0,0,1384,
353384766310799,103185414664070,"Philosophical Gym Bro",,OC,0,"07/22/2021 11:07",N/A,https://www.facebook.com/GymKingSadBoi/posts/pfbid0byQjF8KpmeiXTLPSYmRiGhYSfdTt7cZytSthGraREXr2GYQzYWwp9fSqsi8hP5Xl,0,Foto,,,,,Total,1,1,,2,441,0,,0,0,0,0,9,2,11,0,0,474,
341519064164036,103185414664070,"Philosophical Gym Bro","Actualización de estado","Reposting this classic",0,"07/02/2021 21:07",N/A,https://www.facebook.com/GymKingSadBoi/posts/pfbid07Nhh2RPZGzU5UgCti7ZFpAJJ4Dy3eLQ1Jk5KcoELVywzdYjT7u97jtu8jdzXNMaRl,0,Foto,,,,,Total,11,16,,27,857,0,,0,0,0,0,45,4,49,0,0,869
341816857467590,103185414664070,"Philosophical Gym Bro","Actualización de estado",,0,"07/03/2021 09:07",N/A,https://www.facebook.com/GymKingSadBoi/posts/pfbid02V5M6wiAsTr5qSpGTdoGQJvuK7j8WExxYTsoLW3CDHXYaZk7hjpQPBFf6VPcCrzLzl,0,Foto,,,,,Total,28,9,,37,844,0,,0,0,0,0,62,5,67,0,0,858
341962954119647,103185414664070,"Philosophical Gym Bro","Actualización de estado",,0,"07/03/2021 14:07",N/A,https://www.facebook.com/GymKingSadBoi/posts/pfbid02FC2p9Ekmfb7gry7jCkPQcrWuWTb5KQsoooh3gpLQXmguvLFZ17yyrNb1r5gmbPihl,0,Foto,,,,,Total,2,1,,3,418,0,,0,0,0,0,12,1,13,0,0,428
342837107365565,103185414664070,"Philosophical Gym Bro",,"OC. Y'all remember that time Nestle paid people to sneak into hospitals disguised as nurses so they could give their formula to new mothers? And how that caused a bunch of infant mortalities in developing countries after the mothers stopped lactating, but couldn't afford formula?
https://en.wikipedia.org/wiki/Nestl%C3%A9_boycott",0,"07/05/2021 11:07",N/A,https://www.facebook.com/GymKingSadBoi/posts/pfbid0fF5mZLe26QLZfeUDa2RtimvajvsgY3vR2RvnDsfS6oKVrji4f8qKosYT2hnybH39l,0,Foto,,,,,Total,180,31,83,294,3907,0,,0,0,0,1,43,9,53,0,0,4173
343235337325742,103185414664070,"Philosophical Gym Bro",,"Freudmin taking classes on both Kant and Human sexuality at the same time:",0,"07/05/2021 17:07",N/A,https://www.facebook.com/GymKingSadBoi/posts/pfbid02joNTuoqZ9s6Q82W2Mmf27HSgCk8qdcbChtRfLwUVYJ39664aDMRawezvS34Q4t6jl,0,Foto,,,,,Total,,,,0,424,0,,0,0,0,0,10,0,10,0,0,437
343591767290099,103185414664070,"Philosophical Gym Bro","Actualización de estado",,0,"07/06/2021 07:07",N/A,https://www.facebook.com/GymKingSadBoi/posts/pfbid02wvnw7xSpwbTKZrPTFSQDKJVvGbJSUPS3TGggctEBxhYj6G9U5c1EFckZK8ECQy1Hl,0,Foto,,,,,Total,68,9,,77,854,0,,0,0,0,0,26,4,30,0,0,882
343618207287455,103185414664070,"Philosophical Gym Bro",,,0,"07/06/2021 08:07",N/A,https://www.facebook.com/GymKingSadBoi/posts/pfbid037YrdFb9AujgXwyFRToazNn7VQDsfcZL57CrkdZkhVAmhqorQjk316HNA6yFrPrUrl,0,Foto,,,,,Total,30,9,,39,2225,0,1,0,0,0,1,51,8,60,0,0,2434
343723133943629,103185414664070,"Philosophical Gym Bro",,"NOOOOOOOOO YOU CAN ONLY TAKE TEN MINUTES AT THE PRINTER AND ONLY SCAN UP TO THIRTY PAGES STOPPPP!!!!",0,"07/06/2021 12:07",N/A,https://www.facebook.com/GymKingSadBoi/posts/pfbid02fzmPDBdi1VdSHcrGR5bAW3wpUU7j2N6DtmoVQJ2Ni5o7HEP4ivUVtDg4RZz3XMCkl,0,Foto,,,,,Total,1,,,1,379,0,,0,0,0,0,4,1,5,0,0,390
343811593934783,103185414664070,"Philosophical Gym Bro",,"*Battle of the fates intensifies*",0,"07/06/2021 16:07",N/A,https://www.facebook.com/GymKingSadBoi/posts/pfbid0DChzogJ2abBx2YuBsFSn7zxXTxaLkWmEXoZpGJm8gdxiPMsrpMr1HMXoRgqjvkZgl,0,Foto,,,,,Total,290,124,,414,7959,0,,0,0,0,19,223,57,299,0,0,8321
344257513890191,103185414664070,"Philosophical Gym Bro","Actualización de estado",,0,"07/07/2021 08:07",N/A,https://www.facebook.com/GymKingSadBoi/posts/pfbid02yCwr3ZuoJo4wyDYfq6rxLDJyFU6QT58n5WhZDE9QqXhZaV33YL2JpFGsYdad3GVrl,0,Foto,,,,,Total,59,19,,78,1093,0,,0,0,0,3,72,3,78,0,0,1107
344900863825856,103185414664070,"Philosophical Gym Bro","Actualización de estado",,35,"07/08/2021 09:07",N/A,https://www.facebook.com/GymKingSadBoi/posts/pfbid09izkmMJHt6NFo3Ww3DuZiZ7JnEF1KSPBWY9ERLewuqLczBgdXqN5PJ2VWi9K8dfGl,0,Vídeo,,,,,Total,103,,,103,734,0,,0,0,303,2,22,0,24,0,0,750
345828627066413,103185414664070,"Philosophical Gym Bro","Fotos de la biografía",,0,"07/09/2021 20:07",N/A,https://www.facebook.com/GymKingSadBoi/posts/pfbid02bbDPSwZ5d9eSstzp1fgesrLdV5dzrf7LinzakfqFQj4qwsRBMiZC2oUKYQUCiEoul,0,Foto,,,,,Total,31,12,,43,870,0,,0,0,0,0,48,7,55,0,0,889
347022913613651,103185414664070,"Philosophical Gym Bro","Actualización de estado",,0,"07/11/2021 17:07",N/A,https://www.facebook.com/GymKingSadBoi/posts/pfbid06qMkj298zcryEyyvDgys4nELLKa8dQwFZFsUYkELUajFHxtbgfiaANrspDrbCwfel,0,Foto,,,,,Total,68,13,,81,730,0,,0,0,0,3,45,4,52,0,0,758
348018096847466,103185414664070,"Philosophical Gym Bro","Actualización de estado",,0,"07/13/2021 07:07",N/A,https://www.facebook.com/GymKingSadBoi/posts/pfbid02qKuH1QLz5b78xKQWDDWcpe3iR7NYwNPQ73EdJ6vhycpxaTyxgNk5gGErqDaVmw3kl,0,Foto,,,,,Total,55,15,,70,979,0,1,0,0,0,1,57,3,61,0,0,1012
348157396833536,103185414664070,"Philosophical Gym Bro","Actualización de estado",,0,"07/13/2021 12:07",N/A,https://www.facebook.com/GymKingSadBoi/posts/pfbid0NRcpM7M3txR9KTgmSonkX1NcTEHr2UtBYqMtZVchcGcn2Hzy1of5gg3iGy95cbFwl,0,Foto,,,,,Total,15,6,,21,569,0,,0,0,0,0,11,2,13,0,0,597
348793023436640,103185414664070,"Philosophical Gym Bro","Sigmund Freud's Dank Meme Stash 2: Daddy's Return",,0,"07/14/2021 12:07",N/A,https://www.facebook.com/GymKingSadBoi/posts/pfbid02fFX3cvkxNjqAe8w2rKfvNurHnRYBDumqKGvasn1Cde1uoSsECDQ2N2iQHBXBqKoxl,0,Otro,,,,,Total,28,9,,37,841,0,1,0,0,0,0,37,8,45,0,0,864
348802756769000,103185414664070,"Philosophical Gym Bro",,"This would be O.C., but Fyodor Dostoyevsky has probably already seen this coming and written about it in beautiful and compelling prose. What a jerk.",0,"07/14/2021 13:07",N/A,https://www.facebook.com/GymKingSadBoi/posts/pfbid02ontv2EEfTYVYW7sLVcYT4oExNpVYWzTCtATaMof2CbAUscRrmE4F511mu5XzjP5Hl,0,Foto,,,,,Total,111,14,,125,3726,0,1,0,0,0,7,79,5,91,0,0,3795
348961056753170,103185414664070,"Philosophical Gym Bro",,"Nothing more boring than being a guardian angel to a philosopher instead of some spicy ✨SCORIPIO ✨ Girl Boss💪👩",0,"07/15/2021 11:07",N/A,https://www.facebook.com/GymKingSadBoi/posts/pfbid02on8bn3bLoMdWiVHXnDw8Zkvfuujuh2pTBZmLPjWqTLcQdDjxNRDjEJFFzsvHjwe5l,0,Foto,,,,,Total,80,33,,113,4053,0,,0,0,0,3,87,10,100,0,0,4253
349405173375425,103185414664070,"Philosophical Gym Bro",,O.C.,0,"07/16/2021 08:07",N/A,https://www.facebook.com/GymKingSadBoi/posts/pfbid0255gZs7aoFSAGsPW8sgKBRSac8V5hbmBn4WPiU54WurqiMB9CsLjLs4X4HW8ExvA2l,0,Foto,,,,,Total,7,10,,17,555,0,,0,0,0,0,10,3,13,0,0,587
349985026650773,103185414664070,"Philosophical Gym Bro","Sigmund Freud's Dank Meme Stash 2: Daddy's Return",,0,"07/16/2021 10:07",N/A,https://www.facebook.com/GymKingSadBoi/posts/pfbid0KiaFsg38u57U3PFAW76ndhNy4B7qgBUU4cToADqeXWekSYsib21ZETU87yqYwSZZl,0,Otro,,,,,Total,20,4,,24,540,0,,0,0,0,0,26,1,27,0,0,580
350035569979052,103185414664070,"Philosophical Gym Bro","Actualización de estado",,0,"07/16/2021 12:07",N/A,https://www.facebook.com/GymKingSadBoi/posts/pfbid0opkgS8c6WaTeqqzukdVXGQb3r7wXjvKQWwddDeLpCy9cdfK87NpovYi8V4oKtkTTl,0,Foto,,,,,Total,45,10,,55,977,0,1,0,0,0,1,49,8,58,0,0,1029
350228343293108,103185414664070,"Philosophical Gym Bro","Actualización de estado","Freudmin's future career, colorized:",0,"07/16/2021 21:07",N/A,https://www.facebook.com/GymKingSadBoi/posts/pfbid0coyzyVXCdzrNV7rZuXbzVTi3yRDEwiT4EJDmfVXVN27h8djW2wpAfvvsALjJ4vznl,0,Foto,,,,,Total,20,3,,23,597,0,,0,0,0,0,14,1,15,0,0,621
350226113293331,103185414664070,"Philosophical Gym Bro",,OC,0,"07/17/2021 11:07",N/A,https://www.facebook.com/GymKingSadBoi/posts/pfbid02m7bhg319KFACt6fkqSVVwwZafrbd96UzeuTF4pmz22foMHxCVnPkN5aT53dNpBFTl,0,Foto,,,,,Total,20,3,,23,654,0,,0,0,0,1,28,6,35,0,0,691
352100663105876,103185414664070,"Philosophical Gym Bro",,,0,"07/19/2021 23:07",N/A,https://www.facebook.com/GymKingSadBoi/posts/pfbid0Fok9njTEgDb1j6joeW4te7ZFFhtvPwVQDJK2M3UtMNeRsWnekYko77u4Uw93EdAJl,0,Foto,,,,,Total,84,20,,104,1604,0,,0,0,0,3,76,5,84,0,0,1625
352116766437599,103185414664070,"Philosophical Gym Bro","Actualización de estado",,0,"07/19/2021 23:07",N/A,https://www.facebook.com/GymKingSadBoi/posts/pfbid0r9C3EP3ZVfp5xvpBhjcsHooJs4DB5d525jryDRHniL4YMybnezfaNM4JqEFAdMBCl,0,Foto,,,,,Total,85,14,,99,1073,0,1,0,0,0,4,49,1,54,0,0,1104
352308619751747,103185414664070,"Philosophical Gym Bro","Actualización de estado",,0,"07/20/2021 06:07",N/A,https://www.facebook.com/GymKingSadBoi/posts/pfbid021DapMEsGEka9BnkGhiPLPaTRdaG4Gay9wEu1BfYCyMtjVAVuJCqbSm9mgyZ1efiCl,0,Foto,,,,,Total,12,,,12,273,0,,0,0,0,2,6,1,9,0,0,287
352310669751542,103185414664070,"Philosophical Gym Bro","Actualización de estado",,0,"07/20/2021 07:07",N/A,https://www.facebook.com/GymKingSadBoi/posts/pfbid0ssSpeRtfjtkZMbK92biYgHe4D1uJRvxi2SifiAmtVfsgLZ6pAF3HSW7yDqdMR5Dnl,0,Foto,,,,,Total,11,4,,15,612,0,,0,0,0,0,35,3,38,0,0,632
352501876399088,103185414664070,"Philosophical Gym Bro",,"Low effort OC",0,"07/20/2021 13:07",N/A,https://www.facebook.com/GymKingSadBoi/posts/pfbid037WnJQySZ7MyQtnQEqCorqqKbvxFDAAKP7vhGmWfZPSpSg6zYFC4YH595dgFJy1til,0,Foto,,,,,Total,44,20,,64,2723,0,,0,0,0,5,95,11,111,0,0,2881
352719903043952,103185414664070,"Philosophical Gym Bro","Actualización de estado",,0,"07/20/2021 23:07",N/A,https://www.facebook.com/GymKingSadBoi/posts/pfbid0svir8WXub9nKQUP5vGeiy9kmn9x57umgRymQqiMRmPZKRaJKmnTMjh4mWyLYtwvol,0,Foto,,,,,Total,1,1,,2,418,0,2,0,0,0,0,7,0,7,0,0,446
353294146319861,103185414664070,"Philosophical Gym Bro","Actualización de estado",,0,"07/21/2021 20:07",N/A,https://www.facebook.com/GymKingSadBoi/posts/pfbid02Xo3h9beXsMvJngGe9orQPFhtk5NKKdNZVcB9gHio1sLpHKEsmR9BqNcTbWu7JiDcl,0,Foto,,,,,Total,51,15,,66,488,0,,0,0,0,0,27,2,29,0,0,537
353294596319816,103185414664070,"Philosophical Gym Bro",,"Stolen shamelessly",0,"07/21/2021 20:07",N/A,https://www.facebook.com/GymKingSadBoi/posts/pfbid0342CMsnmX9PMKxkUNYEqTq21YbXVJfzppz4QyYnHVb7baaaTXuV7f2cNbYweZXQeMl,0,Foto,,,,,Total,6,6,,12,778,0,,0,0,0,0,24,4,28,0,0,821
353362769646332,103185414664070,"Philosophical Gym Bro","Actualización de estado","I enjoy doing the bidding of dark gods",0,"07/21/2021 23:07",N/A,https://www.facebook.com/GymKingSadBoi/posts/pfbid02B13FQJUE3b38N5WiL5Fs5RCRgpa5tzr3d5bNmVZrgMFVV5MvnV85HwQiFCxHr3DHl,0,Foto,,,,,Total,20,5,,25,813,0,,0,0,0,1,19,4,24,0,0,835
340649117584364,103185414664070,"Philosophical Gym Bro","Fotos de la biografía",,0,"07/01/2021 11:07",N/A,https://www.facebook.com/GymKingSadBoi/posts/pfbid0248K8nMw4ZqMQshmfxhiwgRyeSK4cE8bgfpNN59ZYxvNP7NEoWoiEq81iqBcPbqLAl,0,Foto,,,,,Total,74,33,2,109,1105,0,,0,0,0,9,32,3,44,0,0,1123
