"identificador de la publicación","Identificador de la página","Nombre de la página",Título,Descripción,"Duración (segundos)","Hora de publicación","Tipo de subtítulo","Enlace permanente","Se usa en varias publicaciones","Tipo de publicación",Idiomas,"Etiquetas personalizadas","Estado ""Contenido financiado""",Comentario,Fecha,Impresiones,Comentarios,"Me gusta","Veces compartido",Interacciones,"Visualizaciones de fotos","Otros clics","Clics en el enlace","Segundos reproducidos de media","Total de clics","Personas alcanzadas","Tiempo medio dedicado al artículo","Segundos reproducidos","Reproducción de vídeo de 3 segundos","Profundidad de desplazamiento diaria en el artículo","Reproducciones de vídeo de 60 segundos","Comentarios negativos únicos de los usuarios: Ocultar"
413447006971241,103185414664070,"Philosophical Gym Bro","Actualización de estado",,0,"10/23/2021 23:10",N/A,https://www.facebook.com/GymKingSadBoi/posts/pfbid0NqY1BVdhD7PKDPn2jCgNJP2GE85MAZoMguFYNTq2JEp7H8nsepzRZTMUioRvsAtYl,0,Foto,,,,,Total,776,0,14,2,16,19,22,,0,41,776,0,0,0,0,0,
413765590272716,103185414664070,"Philosophical Gym Bro",,OC,0,"10/24/2021 11:10",N/A,https://www.facebook.com/GymKingSadBoi/posts/pfbid0Gzf2Lch2Ucvwpp5sy48UFqQCwWPCUKM8Z9MAvVP5tdT5T1oUvjRroVyd6iBdUtZRl,0,Foto,,,,,Total,4717,1,19,7,27,328,78,,0,406,4694,0,0,0,0,0,1
413975553585053,103185414664070,"Philosophical Gym Bro","Actualización de estado",,0,"10/24/2021 20:10",N/A,https://www.facebook.com/GymKingSadBoi/posts/pfbid02UhBGEZxd1Am4zRtPZRQ3WwreZeLqaZBi4WekArPCsVcN6VRitoFWL77MtjiSyLPml,0,Foto,,,,,Total,482,0,9,0,9,6,10,,0,16,482,0,0,0,0,0,
413977400251535,103185414664070,"Philosophical Gym Bro",,"Sigma grindset tip #42069: only cite hoe-scaring literature in your essays",0,"10/24/2021 20:10",N/A,https://www.facebook.com/GymKingSadBoi/posts/pfbid02UR88xn1kXyvcVEsyN6iWSUFRpQunmZg5RUTqVv6zREwqgDaJEFS1gZyQSt2gtyBfl,0,Foto,,,,,Total,393,0,7,1,8,3,2,,0,5,373,0,0,0,0,0,
414318533550755,103185414664070,"Philosophical Gym Bro","Actualización de estado",,0,"10/25/2021 09:10",N/A,https://www.facebook.com/GymKingSadBoi/posts/pfbid0W3hbwWWjwAxiYAgrG91SdNUJoMRU66Sz7D841s8vwqyX2Z7C68REfe9Jjm7bqVwol,0,Foto,,,,,Total,577,0,13,0,13,7,11,,0,18,568,0,0,0,0,0,
414379920211283,103185414664070,"Philosophical Gym Bro","Actualización de estado",,0,"10/25/2021 11:10",N/A,https://www.facebook.com/GymKingSadBoi/posts/pfbid03965fPMKXpBZYNqhACJ7mqkvbb7qDiMuLd2kQR4pU5i8atnpTMjgBzgofJQ6MHN6l,0,Foto,,,,,Total,499,0,6,0,6,2,2,,0,4,493,0,0,0,0,0,
414602906855651,103185414664070,"Philosophical Gym Bro","Actualización de estado",,0,"10/25/2021 20:10",N/A,https://www.facebook.com/GymKingSadBoi/posts/pfbid02Pew1HTvpXh58qmKdHMmxkJ1ViekFnxH9HyeUgX62pU36ZXaSySWQoLXvHLGKDHCel,0,Foto,,,,,Total,750,0,7,0,7,21,18,,0,39,720,0,0,0,0,0,
415155173467091,103185414664070,"Philosophical Gym Bro","Actualización de estado",,0,"10/26/2021 17:10",N/A,https://www.facebook.com/GymKingSadBoi/posts/pfbid02Ck4NVmbknZjjoJsifUccHnMauA65Jfyw1yDzkeYChViS9LKtXrcJwz7Aqgozbenwl,0,Foto,,,,,Total,440,0,21,2,23,4,6,,0,10,429,0,0,0,0,0,
415209166795025,103185414664070,"Philosophical Gym Bro","Actualización de estado",,0,"10/26/2021 19:10",N/A,https://www.facebook.com/GymKingSadBoi/posts/pfbid02WpUarchGyQEwnm86Yghkecjn6YHUZhVCSXoiatJ1KW4sNEB7bhzobHmXVHKWWdo1l,0,Foto,,,,,Total,546,6,0,0,6,10,15,,0,25,546,0,0,0,0,0,
415212106794731,103185414664070,"Philosophical Gym Bro","Actualización de estado",,0,"10/26/2021 19:10",N/A,https://www.facebook.com/GymKingSadBoi/posts/pfbid02pbCdmPtCvdTtXeyXw1P8AReNRvhJPu8WxX7nctNNDnpKRxrTUNaTiYanRZMTemXNl,0,Foto,,,,,Total,589,0,12,2,14,9,9,,0,18,580,0,0,0,0,0,
416928456623096,103185414664070,"Philosophical Gym Bro",,,0,"10/29/2021 09:10",N/A,https://www.facebook.com/GymKingSadBoi/posts/pfbid0288iHPe1U8v7fC9Gcfqcv8YupYRJej8d9YV3sh9xvJVjhBF7qL2ivNJy8agjcd1TVl,0,Foto,,,,,Total,746,0,6,1,7,10,11,,0,21,707,0,0,0,0,0,
417373816578560,103185414664070,"Philosophical Gym Bro","Actualización de estado",,0,"10/30/2021 04:10",N/A,https://www.facebook.com/GymKingSadBoi/posts/pfbid02yoTT1cQafxZjAoUtsyzqeYSupd5QNHXH3kgAFdgN2jYhLzVZheMTn4TDrLESY3Jjl,0,Foto,,,,,Total,862,0,35,1,36,21,27,,0,48,849,0,0,0,0,0,
417555679893707,103185414664070,"Philosophical Gym Bro",,,0,"10/30/2021 10:10",N/A,https://www.facebook.com/GymKingSadBoi/posts/pfbid02FM6Yv4Q4iup6249q66Z3ykh8GGWBWqhmvfubwBbS9KQA51m8hrEcK5vX7zccJNrZl,0,Foto,,,,,Total,1270,4,38,8,50,70,43,,0,113,1227,0,0,0,0,0,
417677186548223,103185414664070,"Philosophical Gym Bro",,"#ligmagrindset
OC",0,"10/30/2021 16:10",N/A,https://www.facebook.com/GymKingSadBoi/posts/pfbid029HYoffuYJRvqieNJRSdHbfZGk5PETnBcquefWNM37ezr4pdKWGHZ91PnHG2jQbwwl,0,Foto,,,,,Total,2827,6,77,5,88,38,72,,0,110,2678,0,0,0,0,0,
418274703155138,103185414664070,"Philosophical Gym Bro",,"Completely unprompted by current events but relevant to current conditions O.C.",0,"10/31/2021 15:10",N/A,https://www.facebook.com/GymKingSadBoi/posts/pfbid024446rTVrMuPNQU8XurrbtU1kxfuQQUZGWgUeyWriQdLRcafzKRUQSVC47BunzHhPl,0,Foto,,,,,Total,1071,1,36,5,42,17,28,,0,45,995,0,0,0,0,0,
418706199778655,103185414664070,"Philosophical Gym Bro","Actualización de estado",,0,"11/01/2021 08:11",N/A,https://www.facebook.com/GymKingSadBoi/posts/pfbid02HZXZ6Py2V1mbpiAB7tcsWPx8cW6gLaWL2cDTyxQE37zZB82QYZoSmzRYvuXzF6jvl,0,Foto,,,,,Total,859,1,30,4,35,21,17,,0,38,838,0,0,0,0,0,
418277143154894,103185414664070,"Philosophical Gym Bro",,"O.C.
I just saved y'all a bunch of time and effort, you don't need to read any Schopenhauer now.",0,"11/01/2021 15:11",N/A,https://www.facebook.com/GymKingSadBoi/posts/pfbid05bcCDsHD48neZqNpXyfXkewgZKsq7GEpcTMnbBnWCBSvPLrGGy1ejvLpE2XWRJaql,0,Foto,,,,,Total,2834,15,124,17,156,20,76,,0,96,2652,0,0,0,0,0,
419009866414955,103185414664070,"Philosophical Gym Bro",,"Yo DUNC was dope guys
OC",0,"11/01/2021 20:11",N/A,https://www.facebook.com/GymKingSadBoi/posts/pfbid04TyMA4gf71vEnK7GVvfRm34ZNTHNKsXF4jFFRvotwZFM3pxmXTp7kcaCEkyZbsoNl,0,Foto,,,,,Total,712,0,19,1,20,9,4,,0,13,707,0,0,0,0,0,
418279539821321,103185414664070,"Philosophical Gym Bro",,"Ya boi is feeling salty about the business ethics class he had to take this semester.
O.C.",0,"11/02/2021 11:11",N/A,https://www.facebook.com/GymKingSadBoi/posts/pfbid0aHRYgkJkcDbpA34L66aHLu38SgJGo38ScRVa2AQgtn4Z8BxYJpvygknihUJ3cE7ml,0,Foto,,,,,Total,733,0,34,1,35,8,9,,0,17,707,0,0,0,0,0,
419644559684819,103185414664070,"Philosophical Gym Bro","Actualización de estado",,0,"11/02/2021 21:11",N/A,https://www.facebook.com/GymKingSadBoi/posts/pfbid02839EsJWxnvnzBqPCWXErqAqDDjj2gwiZyBWsRWESxMAqYY64CE5Dqbmq2B2TSgw1l,0,Foto,,,,,Total,480,0,19,1,20,4,9,,0,13,469,0,0,0,0,0,
419887046327237,103185414664070,"Philosophical Gym Bro","Actualización de estado",,0,"11/03/2021 06:11",N/A,https://www.facebook.com/GymKingSadBoi/posts/pfbid02nRHHxV2xg7tMVR7ajpzEA17y4zf9gh1wdwKtLXGpHTxTGzrDtq5CLRYMYwSiaR1al,0,Foto,,,,,Total,1154,4,51,10,65,20,41,,0,61,1152,0,0,0,0,0,
420112082971400,103185414664070,"Philosophical Gym Bro","Actualización de estado",,0,"11/03/2021 15:11",N/A,https://www.facebook.com/GymKingSadBoi/posts/pfbid0hdnD9xntxo1U83LHh23tCtfshpb8jhXtqCGr4w12aMsz2Q7oKYLkrFW9rWg29qn1l,0,Foto,,,,,Total,510,0,7,0,7,8,10,,0,18,488,0,0,0,0,0,
418285073154101,103185414664070,"Philosophical Gym Bro",,"As you guys go out into the world you need to watch out for grils that don't support you, you don't deserve that, so here are some signs that a grul is not 4U
O.C.",0,"11/04/2021 16:11",N/A,https://www.facebook.com/GymKingSadBoi/posts/pfbid02d4CptSQ57R3u81eNyR5m5xXoKiDN1YAKJZypUZXFxUigpbpqWnjao6JmQpAqNdBl,0,Foto,,,,,Total,838,0,26,4,30,60,58,,0,118,654,0,0,0,0,0,
421161776199764,103185414664070,"Philosophical Gym Bro","Sigmund Freud's Dank Meme Stash 2: Daddy's Return","Real primal father hours",0,"11/05/2021 07:11",N/A,https://www.facebook.com/GymKingSadBoi/posts/pfbid0bikXmPAnxDTSEniYdzY14Xm99y1qf9hnE4s4wmYCkJvHvAr37qjvaUu99TD7KQ6zl,0,Otro,,,,,Total,1481,0,89,8,97,79,74,,0,153,1481,0,0,0,0,0,
421381482844460,103185414664070,"Philosophical Gym Bro",,"Getting the fam into Asimov has been going well.
OC",0,"11/05/2021 16:11",N/A,https://www.facebook.com/GymKingSadBoi/posts/pfbid0os3g39pGAdAhAMzjJW1FfFoBUQRs9FJqHoizVM5WLEbWSGeLpLxfUdRz81ysTjKUl,0,Foto,,,,,Total,749,0,28,5,33,11,10,,0,21,730,0,0,0,0,0,
421644502818158,103185414664070,"Philosophical Gym Bro","Law School Memes for Edgy T14s 🙅🏾‍♂️🙅🏾‍♀️",,0,"11/06/2021 02:11",N/A,https://www.facebook.com/GymKingSadBoi/posts/pfbid0PpS7d5rGtSkEcrspRoDwj1coNn9pPtZz65xZgtYvgsfHQW1SzjhmqdquyjsG3g8rl,0,Otro,,,,,Total,1174,0,56,7,63,23,49,,0,72,1147,0,0,0,0,0,
421649839484291,103185414664070,"Philosophical Gym Bro","Law School Memes for Edgy T14s 🙅🏾‍♂️🙅🏾‍♀️",">Thinking solipsists aren't right about everything

*solipsist",0,"11/06/2021 02:11",N/A,https://www.facebook.com/GymKingSadBoi/posts/pfbid0H8X5uD2oKWNbJLNDKA7rqWWpYfKM61YgaTB8qfm11pbSPLJPi3zMFzHZqRcBwgn5l,0,Otro,,,,,Total,1062,0,28,0,28,23,18,,0,41,1058,0,0,0,0,0,
421667019482573,103185414664070,"Philosophical Gym Bro","Actualización de estado",,0,"11/06/2021 03:11",N/A,https://www.facebook.com/GymKingSadBoi/posts/pfbid0f2xg4qs33V48PNQ725BTdsMuXt8ay2gT2SsX2ecTTnFjUFrdw1xDSkAJqP1KTBVRl,0,Foto,,,,,Total,481,1,32,2,35,10,25,1,0,36,459,0,0,0,0,0,
421991912783417,103185414664070,"Philosophical Gym Bro",,"Highly relatable OC",0,"11/06/2021 14:11",N/A,https://www.facebook.com/GymKingSadBoi/posts/pfbid02ZdCXEbFUFGRpWffLLbyTmMZYXc6GigUqy8fnMJ4y39k4eT7JV8BoHHa4cP2k6JnBl,0,Foto,,,,,Total,5266,10,197,24,231,290,325,,0,615,4935,0,0,0,0,0,
422076086108333,103185414664070,"Philosophical Gym Bro","Actualización de estado",,0,"11/06/2021 18:11",N/A,https://www.facebook.com/GymKingSadBoi/posts/pfbid03w4oFwjYDdq2zTa2bYpCwtrBVFS2cYeoeYq7AWf5Nq81wsJ21ge9bPWarCVSctURl,0,Foto,,,,,Total,1017,0,70,10,80,29,47,,0,76,987,0,0,0,0,0,
422518419397433,103185414664070,"Philosophical Gym Bro","Sigmund Freud's Dank Meme Stash 2: Daddy's Return",,0,"11/07/2021 10:11",N/A,https://www.facebook.com/GymKingSadBoi/posts/pfbid02Uz74ZywguJ21AtuRhjDMYgXueF5eWj3XCdFbAHw4MVjb83RFFm4mb7PTt9azgRVcl,0,Otro,,,,,Total,1039,2,39,3,44,12,26,,0,38,1036,0,0,0,0,0,
422690152713593,103185414664070,"Philosophical Gym Bro",,"When you start talking to the calcified masses about possible worlds and all you get is that incredulous stare...",0,"11/07/2021 18:11",N/A,https://www.facebook.com/GymKingSadBoi/posts/pfbid02U861FAGui861PPgq1vzovPfaDaivv8hV1ias86du5PQ8PVNFwdjKoChX8AqGvTSHl,0,Foto,,,,,Total,8368,49,256,37,342,260,275,,0,535,7309,0,0,0,0,0,
422993426016599,103185414664070,"Philosophical Gym Bro","G.W.F. Hegel's Dialectic Depository for Spiritually Elevated Teens 🦉",,0,"11/08/2021 06:11",N/A,https://www.facebook.com/GymKingSadBoi/posts/pfbid0mKqC1xS4j7EirD1GufUsiD1vST3ejKwsbVabAB1KH46rWJ9THicSJ7hKn1GZHjPYl,0,Otro,,,,,Total,1308,2,53,6,61,14,79,,0,93,1307,0,0,0,0,0,
423030766012865,103185414664070,"Philosophical Gym Bro","Actualización de estado",,0,"11/08/2021 07:11",N/A,https://www.facebook.com/GymKingSadBoi/posts/pfbid0UduJDiDYatSRwWRSa8uWQUARCLd6L3kXYYrMznUX9t2avupnTkMqJkYWuPC4KnhWl,0,Foto,,,,,Total,902,1,30,1,32,9,40,,0,49,883,0,0,0,0,0,
423674199281855,103185414664070,"Philosophical Gym Bro","Actualización de estado",,0,"11/09/2021 08:11",N/A,https://www.facebook.com/GymKingSadBoi/posts/pfbid0teDs2kyND8aDpKvDJxu3ytXhVqLZtqPitxBaMAGwDmgwpHuPnprYFDQgASaNj1grl,0,Foto,,,,,Total,1212,1,43,1,45,93,101,,0,194,1211,0,0,0,0,0,
424324375883504,103185414664070,"Philosophical Gym Bro","Actualización de estado",,0,"11/10/2021 11:11",N/A,https://www.facebook.com/GymKingSadBoi/posts/pfbid022aYS7mYKSxxV18YzM2RG25jZfRhPfXfqGhnjvXDETMtiHuPWWZ6juVQDsaEvQAzGl,0,Foto,,,,,Total,795,0,18,4,22,19,24,,0,43,795,0,0,0,0,0,
424361245879817,103185414664070,"Philosophical Gym Bro","Actualización de estado",,0,"11/10/2021 12:11",N/A,https://www.facebook.com/GymKingSadBoi/posts/pfbid0UdnzGk6sVnHzsrCsc36L76PJ9ddBtDRwofjhaie9XHaHopHDtvd84zjXqYgPoXZXl,0,Foto,,,,,Total,1304,1,34,10,45,94,105,,0,199,1288,0,0,0,0,0,
424886552493953,103185414664070,"Philosophical Gym Bro","Actualización de estado",,0,"11/11/2021 08:11",N/A,https://www.facebook.com/GymKingSadBoi/posts/pfbid0QiXYezVsZVtKk1sKpjkoV9NjSddT94KA8nyGMDy5ePQSnd9HLTBwLBbK84rzvYn8l,0,Foto,,,,,Total,913,0,29,2,31,24,24,1,0,49,889,0,0,0,0,0,
425042859144989,103185414664070,"Philosophical Gym Bro","Actualización de estado",,0,"11/11/2021 14:11",N/A,https://www.facebook.com/GymKingSadBoi/posts/pfbid02cM1PxDChu7pFxiuENo1Kozv7nFqtdXaByTDYNdD2rEXns4jv76JRn4BWNHaZkXjXl,0,Foto,,,,,Total,1179,1,26,8,35,81,77,,0,158,1141,0,0,0,0,0,
425176065798335,103185414664070,"Philosophical Gym Bro","Actualización de estado",,0,"11/11/2021 19:11",N/A,https://www.facebook.com/GymKingSadBoi/posts/pfbid02EvJiTHiKpWuN3yiCwz9fibrd3jytPgov8rKxh54hdhRZbAkifDsonkhPPJPj1ZoPl,0,Foto,,,,,Total,701,0,13,0,13,8,14,,0,22,686,0,0,0,0,0,
425177405798201,103185414664070,"Philosophical Gym Bro",,"Forgive me the lame quote post, but I think about this every year:

""I will come to a time in my backwards trip when November eleventh, accidentally my birthday, was a sacred day called Armistice Day. When I was a boy, all the people of all the nations which had fought in the First World War were silent during the eleventh minute of the eleventh hour of Armistice Day, which was the eleventh day of the eleventh month.
It was during that minute in nineteen hundred and eighteen, that millions upon millions of human beings stopped butchering one another. I have talked to old men who were on battlefields during that minute. They have told me in one way or another that the sudden silence was the Voice of God. So we still have among us some men who can remember when God spoke clearly to mankind.
Armistice Day has become Veterans' Day. Armistice Day was sacred. Veterans' Day is not.
So I will throw Veterans' Day over my shoulder. Armistice Day I will keep. I don't want to throw away any sacred things.""
-Kurt Vonnegut, Breakfast of Champions",0,"11/11/2021 20:11",N/A,https://www.facebook.com/GymKingSadBoi/posts/pfbid02EyoQhms7XiP2Rv7hrNjavjZQj6tJRt1R45cRprZk5Mhc7cpVnntbEayiHcfmrQR7l,0,Texto,,,,,Total,379,0,4,1,5,,2,,0,2,359,0,0,0,0,0,
425916892390919,103185414664070,"Philosophical Gym Bro","Actualización de estado",,0,"11/13/2021 00:11",N/A,https://www.facebook.com/GymKingSadBoi/posts/pfbid02GKtMQgVyK4G7BEQEiqQXcrjsxtjhguXLpTmMwvPhYpb8hVv23VMvwg6UVrUS58wul,0,Foto,,,,,Total,505,2,13,1,16,14,39,6,0,59,489,0,0,0,0,0,
425963762386232,103185414664070,"Philosophical Gym Bro","Actualización de estado",,0,"11/13/2021 02:11",N/A,https://www.facebook.com/GymKingSadBoi/posts/pfbid02dzEqCAyHH3FSqAuPJp3m8dJCafxZYRVxXifbjiDsacV9rnovnyCmEiyxd3tqx6f5l,0,Foto,,,,,Total,421,1,15,1,17,27,16,,0,43,398,0,0,0,0,0,
426391189010156,103185414664070,"Philosophical Gym Bro","Actualización de estado",,0,"11/13/2021 17:11",N/A,https://www.facebook.com/GymKingSadBoi/posts/pfbid0X9UmVsH86pPHWa2JrZLEWNSH318XpqUg879FYp2cHkamiXc6GYEYnxfnYNrrokmJl,0,Foto,,,,,Total,853,0,33,3,36,9,15,,0,24,846,0,0,0,0,0,
427022898946985,103185414664070,"Philosophical Gym Bro",,,0,"11/14/2021 18:11",N/A,https://www.facebook.com/GymKingSadBoi/posts/pfbid0yKAxLLq7evQowMEU6ukQ2eE9yoHn3EQqGupG3HePMhqngMyJVwPkpKGfpBEbnF3Gl,0,Foto,,,,,Total,948,0,43,6,49,29,14,,0,43,914,0,0,0,0,0,
427027755613166,103185414664070,"Philosophical Gym Bro","Actualización de estado",,0,"11/14/2021 19:11",N/A,https://www.facebook.com/GymKingSadBoi/posts/pfbid037iMhZDoZgNTxP4JTCTVN27jUSeEnUQ3X95zsrQBf2g1WtMzjzhFDjm2VdPskhZb6l,0,Foto,,,,,Total,516,0,9,0,9,31,25,,0,56,498,0,0,0,0,0,
427058892276719,103185414664070,"Philosophical Gym Bro","Actualización de estado","This page",0,"11/14/2021 20:11",N/A,https://www.facebook.com/GymKingSadBoi/posts/pfbid02euru6dU1mGZmYmcxBhZBvXGMGGAhbW2AdVc9xB5pZbeR1AWFshcjxXRDUGDcjr4l,0,Foto,,,,,Total,590,2,16,1,19,15,29,,0,44,579,0,0,0,0,0,
427631202219488,103185414664070,"Philosophical Gym Bro","Actualización de estado",,0,"11/15/2021 19:11",N/A,https://www.facebook.com/GymKingSadBoi/posts/pfbid02y3zSex2HBP7CcVcN9REMdAHjEJruNVShwqyeLGd69AhDzMFJnH696QXtHSLgSezul,0,Foto,,,,,Total,620,0,21,1,22,6,15,,0,21,603,0,0,0,0,0,
427669508882324,103185414664070,"Philosophical Gym Bro","Fotos de la biografía","Um excuse me sweetie, but you forgot ""lift heavy rock""",0,"11/15/2021 21:11",N/A,https://www.facebook.com/GymKingSadBoi/posts/pfbid0PRpwP8cviYwGrkGqFQnCvAYdoEyXVBY8EoM7s2xTqgQcScrVsq6Xqh3nJfs4b659l,0,Foto,,,,,Total,1056,3,53,5,61,19,50,,0,69,1024,0,0,0,0,0,
428019682180640,103185414664070,"Philosophical Gym Bro",,,0,"11/16/2021 10:11",N/A,https://www.facebook.com/GymKingSadBoi/posts/pfbid032a737jd4JS81W78ePowvNNsUWbUY66oWa9VTntaKocLkLxkFj5QCsVQZ3ysAeVygl,0,Foto,,,,,Total,789,0,26,1,27,5,8,,0,13,775,0,0,0,0,0,
428621948787080,103185414664070,"Philosophical Gym Bro",,"Quick OC",0,"11/17/2021 10:11",N/A,https://www.facebook.com/GymKingSadBoi/posts/pfbid0HUWExJ9ZDJPXwkn8QiiFtXFXWRHWcW8LUFAX9ihYREHY6wnKnQKHXq37fiQ3apfal,0,Foto,,,,,Total,417,0,15,1,16,2,5,,0,7,391,0,0,0,0,0,
429827468666528,103185414664070,"Philosophical Gym Bro","Actualización de estado",,0,"11/19/2021 09:11",N/A,https://www.facebook.com/GymKingSadBoi/posts/pfbid0Y2GAW7EKnxkkujaSu1s9JVVRwAVRrtsSr6Zj8BRXmvksJVR7Za7oGoaqUBoTmsQql,0,Foto,,,,,Total,1089,1,14,0,15,38,56,,0,94,1068,0,0,0,0,0,
429988058650469,103185414664070,"Philosophical Gym Bro",,"OC
I think I'm hilarious",0,"11/19/2021 16:11",N/A,https://www.facebook.com/GymKingSadBoi/posts/pfbid05Q972b2saWx9wmuxRZ4X7g2jhrRvCDKDJ1yTbX5p5zNr6nmioAKNtf7JWLXyjBF1l,0,Foto,,,,,Total,403,0,8,1,9,1,3,,0,4,383,0,0,0,0,0,
430014971981111,103185414664070,"Philosophical Gym Bro",,OC,0,"11/19/2021 17:11",N/A,https://www.facebook.com/GymKingSadBoi/posts/pfbid02ZifENizCfW43HnXgXof9h7BgWRnWndJoaZX61AnXJqEVgvarznaPcDkcPk7aff9dl,0,Foto,,,,,Total,1401,3,63,8,74,32,22,,0,54,1392,0,0,0,0,0,
430484711934137,103185414664070,"Philosophical Gym Bro",,OC,0,"11/20/2021 10:11",N/A,https://www.facebook.com/GymKingSadBoi/posts/pfbid0TMRP9VVFSMYyr9edvmYzxx8DHLEpybjwHYUKrTEbEkrBK7fZhvQKwMNaiNCYfrbUl,0,Foto,,,,,Total,2042,1,25,5,31,54,54,,0,108,1974,0,0,0,0,0,
430544291928179,103185414664070,"Philosophical Gym Bro","Actualización de estado",,0,"11/20/2021 13:11",N/A,https://www.facebook.com/GymKingSadBoi/posts/pfbid0MMG2Cd2qdtazUFgnAAJ9wKm3dejuCY5NrQhZxgwwsgB2r3XMEbMGnv72Nr2AXDYfl,0,Foto,,,,,Total,523,0,24,3,27,9,25,,0,34,497,0,0,0,0,0,
431248551857753,103185414664070,"Philosophical Gym Bro",,"When you find out that sea plants evolved onto land and then back into the sea, just like aquatic mammals
OC",0,"11/21/2021 16:11",N/A,https://www.facebook.com/GymKingSadBoi/posts/pfbid02w3gXy7EJU6XGa8LwsQUYthEGnfEFXm5yEkciJSnKZxwyL57SWqPdiLdTiZVZ9wo1l,0,Foto,,,,,Total,391,0,11,0,11,4,2,,0,6,362,0,0,0,0,0,
431353138513961,103185414664070,"Philosophical Gym Bro","Actualización de estado",,0,"11/21/2021 20:11",N/A,https://www.facebook.com/GymKingSadBoi/posts/pfbid09oamQdMj2wMrZqqjaEtYSBmeoG2ZEZuJC6w4GayJ4EffRuddj4rEAwMMVCMK2Y9El,0,Foto,,,,,Total,1277,0,59,12,71,25,41,,0,66,1253,0,0,0,0,0,
431819965133945,103185414664070,"Philosophical Gym Bro",,OC,0,"11/22/2021 15:11",N/A,https://www.facebook.com/GymKingSadBoi/posts/pfbid02Xqn2HRsoEtXBfY6awggQQDDHqPBGN4TNRJFsaHxPwC1FY1VRpzpZdvZkdtiD4fwCl,0,Foto,,,,,Total,553,0,16,0,16,4,5,,0,9,534,0,0,0,0,0,
432196085096333,103185414664070,"Philosophical Gym Bro","Actualización de estado",,0,"11/23/2021 06:11",N/A,https://www.facebook.com/GymKingSadBoi/posts/pfbid0GzL2C1Rhh9jQ1afNLj8zKHgQTDmvscXXp3WG2xnwKncj2dVLVtf45wWdxcmGNAmwl,0,Foto,,,,,Total,569,0,36,6,42,11,16,,0,27,553,0,0,0,0,0,
432865938362681,103185414664070,"Philosophical Gym Bro","Actualización de estado",,0,"11/24/2021 10:11",N/A,https://www.facebook.com/GymKingSadBoi/posts/pfbid027KkanVUNwNcgtuzcuXxHtC7Pbr9cR88nmwnPEYdsUU5MY3LG2wZ9C7w53FAHvHB7l,0,Foto,,,,,Total,685,0,23,2,25,57,29,,0,86,671,0,0,0,0,0,
432910435024898,103185414664070,"Philosophical Gym Bro","Fotos de la biografía",,0,"11/24/2021 12:11",N/A,https://www.facebook.com/GymKingSadBoi/posts/pfbid0Ux2mmMW8hFPfMAKaAMq5jEU5aBGfB2kpgH7Nqe7TERDSEsLj3SyR9zXhXsPxmmUPl,0,Foto,,,,,Total,765,1,27,0,28,9,25,,0,34,736,0,0,0,0,0,
432995555016386,103185414664070,"Philosophical Gym Bro","Actualización de estado",,0,"11/24/2021 16:11",N/A,https://www.facebook.com/GymKingSadBoi/posts/pfbid02wxYHFCXDo6JTKavRn5XkSDzxcjiV8gekrfJMDxJrctYftZMQas6HwLYNzJy8KkbEl,0,Foto,,,,,Total,1079,0,33,5,38,25,45,,0,70,1059,0,0,0,0,0,
433527494963192,103185414664070,"Philosophical Gym Bro",,,0,"11/25/2021 12:11",N/A,https://www.facebook.com/GymKingSadBoi/posts/pfbid06njkyPfeYyENe6r7zaaY2NhdFvKhw3MwwbZbuQq5wn4Nd221PGDE5RBmbzsWw1Jtl,0,Foto,,,,,Total,1023,1,47,5,53,6,14,,0,20,1013,0,0,0,0,0,
433547704961171,103185414664070,"Philosophical Gym Bro","Actualización de estado","Pack it in boys we're about to get territorialized",0,"11/25/2021 12:11",N/A,https://www.facebook.com/GymKingSadBoi/posts/pfbid02VeYhKKcMgsgCqBKfSz1QqKiY6Lc5Tm4jQ6czHXua4ViueQ6rha9mKEw456a5tSPol,0,Foto,,,,,Total,1079,0,47,3,50,108,95,,0,203,1068,0,0,0,0,0,
433799311602677,103185414664070,"Philosophical Gym Bro","Actualización de estado",,0,"11/26/2021 00:11",N/A,https://www.facebook.com/GymKingSadBoi/posts/pfbid0FjV7rq22UHryudvY7DzBSLiwCCLSC5L13qkoaA5hwejxFhFDs3LYnb3EMzXGXTUxl,0,Foto,,,,,Total,770,0,12,1,13,6,13,,0,19,736,0,0,0,0,0,
434322571550351,103185414664070,"Philosophical Gym Bro",,"Low effort O.C.",0,"11/26/2021 21:11",N/A,https://www.facebook.com/GymKingSadBoi/posts/pfbid0nsAaaySoyFGQx3WDVGhVhGVSUnGiPpf9G3Y5Q6H9G5HgaxYtF6sr26EoZ2Ugz4pKl,0,Foto,,,,,Total,700,3,25,1,29,18,21,,0,39,658,0,0,0,0,0,
434560578193217,103185414664070,"Philosophical Gym Bro","Actualización de estado",,0,"11/27/2021 07:11",N/A,https://www.facebook.com/GymKingSadBoi/posts/pfbid02RTZA1cxuuZA3nZ3VjCR2qU1GYdDrgZfdfm2qSCLUPSkK7P6YbWjbFVcMnkx3WQbxl,0,Foto,,,,,Total,455,0,12,0,12,2,13,,0,15,420,0,0,0,0,0,
434635251519083,103185414664070,"Philosophical Gym Bro",,"OC. 

Source is Harris et al (1991), ""Monsters,  ghosts and  witches:  Testing the 
limits of  the fantasy-reality  distinction in 
young children""",0,"11/27/2021 10:11",N/A,https://www.facebook.com/GymKingSadBoi/posts/pfbid02uXzD1bpNpnNsGL4HWq5XxbmvdcnHYW3cGFPmeDBntzPiT45GaX6RM8euckraPB5al,0,Foto,,,,,Total,1215,0,32,9,41,32,17,,0,49,1187,0,0,0,0,0,
435316178117657,103185414664070,"Philosophical Gym Bro","Actualización de estado",,0,"11/28/2021 10:11",N/A,https://www.facebook.com/GymKingSadBoi/posts/pfbid02ELT6ME76BqeYxB3WtGupSu363cVpAPuHMhtxR2xcY7Lh3fRirZM3AG6ssFw8xLgNl,0,Foto,,,,,Total,946,1,21,1,23,14,31,,0,45,920,0,0,0,0,0,1
435517521430856,103185414664070,"Philosophical Gym Bro","Actualización de estado",,0,"11/28/2021 19:11",N/A,https://www.facebook.com/GymKingSadBoi/posts/pfbid023CN3gF6PxAcmyc6Hrx8oJPaW51tQXSx9nisvrgZjaGMJafJ2L63cHaG6cJCRrMYLl,0,Foto,,,,,Total,886,0,39,5,44,30,33,,0,63,837,0,0,0,0,0,
435542038095071,103185414664070,"Philosophical Gym Bro","Actualización de estado","How do I surgically remove my free will?",0,"11/28/2021 20:11",N/A,https://www.facebook.com/GymKingSadBoi/posts/pfbid031DURVpDKsqNLeYBfoP59VcwnkytKoJgSdrecpHMadJpHCHE9xMJQq5q4ddBtvz4cl,0,Foto,,,,,Total,464,1,29,1,31,8,9,,0,17,434,0,0,0,0,0,
435546204761321,103185414664070,"Philosophical Gym Bro",,,0,"11/28/2021 20:11",N/A,https://www.facebook.com/GymKingSadBoi/posts/pfbid02SVBbb3QkxUkGRpTTTMgQdNxPhWZpy78Bssim1AYBXqS2yS8q6vAxAkiDmobEL8hWl,0,Texto,,,,,Total,684,0,13,0,13,11,10,,0,21,671,0,0,0,0,0,
435871894728752,103185414664070,"Philosophical Gym Bro","Actualización de estado",,0,"11/29/2021 09:11",N/A,https://www.facebook.com/GymKingSadBoi/posts/pfbid02AN1xdbcdKroDbSCZNSdkWF6D78Ce63U2ddcQ1VLpQJoaWBPGnVmE6dDgepccqFvzl,0,Foto,,,,,Total,868,0,17,1,18,8,24,,0,32,854,0,0,0,0,0,
436693277979947,103185414664070,"Philosophical Gym Bro","Ponderous Orbposting",,0,"11/30/2021 18:11",N/A,https://www.facebook.com/GymKingSadBoi/posts/pfbid0FaK3hocxVB6ZsYQ64PLstaHxcUrUeiF1o6bjLXc5HKVLVa8WH94XRvzku6KMSYX7l,0,Otro,,,,,Total,955,1,18,2,21,10,28,,0,38,947,0,0,0,0,0,1
437649487884326,103185414664070,"Philosophical Gym Bro","Actualización de estado","Keep this attitude in mind, bros. 
The path to having no weaknesses is Gym-enhanced tantric meditation.",0,"12/02/2021 07:12",N/A,https://www.facebook.com/GymKingSadBoi/posts/pfbid0kv2LZmuCLjFzhj19HEAFghXpkmzP6HhzFDEQJM9n1RchHqusiBLzuuvyUFjfCR5Vl,0,Texto,,,,,Total,362,0,2,0,2,,5,,0,5,338,0,0,0,0,0,
437797347869540,103185414664070,"Philosophical Gym Bro","Actualización de estado",,0,"12/02/2021 12:12",N/A,https://www.facebook.com/GymKingSadBoi/posts/pfbid02hmXrRtqdbx7UY2DoUX4yEXoGRHN5pP2mXfX1BujwsjjbKy51Fqhy6e8KvS3baMVdl,0,Foto,,,,,Total,704,0,15,1,16,16,31,,0,47,681,0,0,0,0,0,
438048884511053,103185414664070,"Philosophical Gym Bro","Actualización de estado",,0,"12/03/2021 00:12",N/A,https://www.facebook.com/GymKingSadBoi/posts/pfbid0CUsykpbFBE9h9V5azsRH6DJAC25sJS3iyynREjuZheetosQmFSxSc8K7W8FzKFf7l,0,Foto,,,,,Total,939,2,30,4,36,16,8,,0,24,910,0,0,0,0,0,
438344721148136,103185414664070,"Philosophical Gym Bro","Actualización de estado",,0,"12/03/2021 08:12",N/A,https://www.facebook.com/GymKingSadBoi/posts/pfbid08ZqCuUVo6N9F3AmWTUU3PK2NoCYahsbakvs2PMWT2j6n9sDN4crGEDWRzmtL7D6Sl,0,Foto,,,,,Total,585,0,13,0,13,6,13,,0,19,561,0,0,0,0,0,
438378984478043,103185414664070,"Philosophical Gym Bro","Actualización de estado",,0,"12/03/2021 09:12",N/A,https://www.facebook.com/GymKingSadBoi/posts/pfbid0pQicVAL1EcK92rjjoxCWjTyXa2g9XgFCxtq5bxReg6Cd4DmQqYU6iex2ianLHPsvl,0,Foto,,,,,Total,1020,2,29,3,34,11,24,,0,35,988,0,0,0,0,0,
438949921087616,103185414664070,"Philosophical Gym Bro",,,0,"12/04/2021 09:12",N/A,https://www.facebook.com/GymKingSadBoi/posts/pfbid02YZVgWrBhshbpjnMo6hLDGst4ViSdFUPBztMCq5WReo1jtd7rPJkVbdwXhe9yJCjul,0,Foto,,,,,Total,551,0,19,2,21,2,6,,0,8,521,0,0,0,0,0,
439699201012688,103185414664070,"Philosophical Gym Bro",,,0,"12/05/2021 16:12",N/A,https://www.facebook.com/GymKingSadBoi/posts/pfbid0e2RYtDKqSKLbJDZPgAroTKyHXmV3WC4CLu2w35PT9xwGabEo7wWc4NkVtULPhWMjl,0,Foto,,,,,Total,2216,9,94,8,111,74,166,,0,240,2038,0,0,0,0,0,1
439759251006683,103185414664070,"Philosophical Gym Bro","Actualización de estado",,0,"12/05/2021 19:12",N/A,https://www.facebook.com/GymKingSadBoi/posts/pfbid02PYbbeUWnqrTaxqKyJnB9sShtNHG9qpro7UXALy5SUp5eY9URdgTzP8qCcmTiXC6el,0,Foto,,,,,Total,990,0,45,4,49,19,33,,0,52,940,0,0,0,0,0,
440185217630753,103185414664070,"Philosophical Gym Bro","Actualización de estado",,0,"12/06/2021 11:12",N/A,https://www.facebook.com/GymKingSadBoi/posts/pfbid027eKPrwn4mCPn4JsAUaxNGoNgBNhyR8TnjUjodTpsunjXMgdDM3EXdFov2gxxkeizl,0,Foto,,,,,Total,1226,1,46,2,49,29,52,,0,81,1184,0,0,0,0,0,
440978920884716,103185414664070,"Philosophical Gym Bro","Actualización de estado",,0,"12/07/2021 20:12",N/A,https://www.facebook.com/GymKingSadBoi/posts/pfbid033n7FVeQbPQMz45SgwnyK9PPcKL8o1mTzr53xUw5365NmisAtG6G8TbqdaRkgb4Gfl,0,Foto,,,,,Total,1257,1,58,3,62,23,28,,0,51,1212,0,0,0,0,0,1
442141747435100,103185414664070,"Philosophical Gym Bro",,OC,0,"12/09/2021 18:12",N/A,https://www.facebook.com/GymKingSadBoi/posts/pfbid0q96FaZXTbyBcEFSFh3s8sRyaJVCfhU4teLpMns9CafnkPsPQBQGh9fiqaCd9qL6ol,0,Foto,,,,,Total,1311,8,101,7,116,29,48,,0,77,1238,0,0,0,0,0,
442193824096559,103185414664070,"Philosophical Gym Bro","Actualización de estado",banan,0,"12/09/2021 20:12",N/A,https://www.facebook.com/GymKingSadBoi/posts/pfbid02HJg72qKgEAbjYXhQhoakhTWeiF7eXBjvj9ehDkkyDoLEofwJYBua2kTSAz1hGg7al,0,Foto,,,,,Total,753,1,28,0,29,9,13,,0,22,738,0,0,0,0,0,
442626040720004,103185414664070,"Philosophical Gym Bro","Is this postmodernism??™","I've heard that Lacan could drive well but did not respect traffic laws whatsoever",0,"12/10/2021 12:12",N/A,https://www.facebook.com/GymKingSadBoi/posts/pfbid02wsQaFg3pAYNwuGfwNVEoEGiCXuFXixmG3syy3NTg5jyYGStZczCKFgfCGM6UpfGzl,0,Otro,,,,,Total,829,0,12,0,12,11,22,,0,33,804,0,0,0,0,0,
442626297386645,103185414664070,"Philosophical Gym Bro",,"Follow up to the previous post stolen from the comments",0,"12/10/2021 12:12",N/A,https://www.facebook.com/GymKingSadBoi/posts/pfbid0D8SwSYDiXzBWXYcNmsfj5XpC44tCz5DTLJMTWgJUNyNWzpk3yTGye4gwxE9qBvSml,0,Foto,,,,,Total,764,0,26,4,30,6,8,,0,14,721,0,0,0,0,0,
443161087333166,103185414664070,"Philosophical Gym Bro","Actualización de estado",,0,"12/11/2021 09:12",N/A,https://www.facebook.com/GymKingSadBoi/posts/pfbid0fj3KZDrKkgv2M82RzR4GXr4LGHVwYxyVTxGXi2Qud3qsH39FyxVwWX5ZJ5x77wjwl,0,Foto,,,,,Total,510,0,4,0,4,5,5,,0,10,486,0,0,0,0,0,
443173873998554,103185414664070,"Philosophical Gym Bro","Actualización de estado",,0,"12/11/2021 10:12",N/A,https://www.facebook.com/GymKingSadBoi/posts/pfbid02o18tdK16UDv4VJqpQUFL37ARWzM53E7h5V3XeMJbovqRLVsfvkJ7vsci6fgzfPKil,0,Foto,,,,,Total,814,1,24,0,25,10,21,,0,31,783,0,0,0,0,0,
443741577275117,103185414664070,"Philosophical Gym Bro",,OC,0,"12/12/2021 10:12",N/A,https://www.facebook.com/GymKingSadBoi/posts/pfbid035XM4nkgmpkZLDjMZ1iqXTcsqccQacjhEtKTTsqzber4GXVLGeqgr5enBgqgdnCecl,0,Foto,,,,,Total,3322,8,111,17,136,64,105,,0,169,3230,0,0,0,0,0,
443774530605155,103185414664070,"Philosophical Gym Bro","Actualización de estado",,0,"12/12/2021 12:12",N/A,https://www.facebook.com/GymKingSadBoi/posts/pfbid02N9EdTVEhCxovR3wYQHM9MGat6x1rnazZjZpwPkb4kSGzcJt6Xmet2JbuaSKcTHqUl,0,Foto,,,,,Total,828,0,13,0,13,6,19,,0,25,806,0,0,0,0,0,
443811877268087,103185414664070,"Philosophical Gym Bro","Actualización de estado",,0,"12/12/2021 13:12",N/A,https://www.facebook.com/GymKingSadBoi/posts/pfbid0o1nxPkRuUT5Ne3hENwSJ3XoHK7vWxjgaGLVj8Ya5ijiXgCrckT6pFRtTKn7WbaUzl,0,Foto,,,,,Total,1409,3,52,7,62,121,120,,0,241,1386,0,0,0,0,0,
443927797256495,103185414664070,"Philosophical Gym Bro","Actualización de estado",,0,"12/12/2021 19:12",N/A,https://www.facebook.com/GymKingSadBoi/posts/pfbid0zwrhE4BiYqdzHheFbATcW2gQDxfr5r3JUA4uGf7KDFHNfdkRJofkfb31UNCo3hUol,0,Foto,,,,,Total,850,0,14,0,14,6,19,,0,25,816,0,0,0,0,0,
444428493873092,103185414664070,"Philosophical Gym Bro",,OC,0,"12/13/2021 16:12",N/A,https://www.facebook.com/GymKingSadBoi/posts/pfbid0qoCucXZuSZTMuPMHtsR3D5xpZytft5MH8xymdCWoTWUHz1WxL2eCFrsxay1pdWjxl,0,Foto,,,,,Total,7327,16,363,44,423,100,374,,0,474,7094,0,0,0,0,0,
444561980526410,103185414664070,"Philosophical Gym Bro","Actualización de estado",,0,"12/13/2021 22:12",N/A,https://www.facebook.com/GymKingSadBoi/posts/pfbid0fX8tq8atZdj8XJismcXooorLYxs4E8ejPgVujVBNEuomDAsDJGyVsSXkLh1KLSSKl,0,Foto,,,,,Total,1081,2,30,1,33,13,48,,0,61,1043,0,0,0,0,0,
445106360471972,103185414664070,"Philosophical Gym Bro","Actualización de estado",,0,"12/14/2021 21:12",N/A,https://www.facebook.com/GymKingSadBoi/posts/pfbid02oDhKecoBETbmDace2qVajf5UvU3SsYyWVckz9m1YRf4itn8f2wtFRq9bLoEfdRv7l,0,Foto,,,,,Total,645,0,4,3,7,4,19,,0,23,617,0,0,0,0,0,
445587170423891,103185414664070,"Philosophical Gym Bro","Actualización de estado",,0,"12/15/2021 16:12",N/A,https://www.facebook.com/GymKingSadBoi/posts/pfbid02sTRExcx64rMC8qvfCgGE3BTvJQoBXtjPeg2HKe3ipoh2p4QDJxrP79aVMTVGgYUol,0,Foto,,,,,Total,678,0,21,2,23,29,10,,0,39,660,0,0,0,0,0,
445681563747785,103185414664070,"Philosophical Gym Bro","Actualización de estado",,0,"12/15/2021 20:12",N/A,https://www.facebook.com/GymKingSadBoi/posts/pfbid02t3bsDHpeV1FMB6NoMTLNSaAcCb1otVEQRgSQ95XJD5yAeYGw5cEGYg8GiXAjvhqul,0,Foto,,,,,Total,640,1,23,1,25,8,19,,0,27,631,0,0,0,0,0,
446202003695741,103185414664070,"Philosophical Gym Bro","Sigmund Freud's Dank Meme Stash 2: Daddy's Return",,0,"12/16/2021 17:12",N/A,https://www.facebook.com/GymKingSadBoi/posts/pfbid0Fj3nL1zvkiHEARZbjs464usoK3wr5AVkCJQWHeqbpz5Jx2Zzu9XCkRtvXiTEzFNdl,0,Otro,,,,,Total,887,1,16,0,17,7,14,,0,21,858,0,0,0,0,0,
446311560351452,103185414664070,"Philosophical Gym Bro","Actualización de estado",,0,"12/16/2021 21:12",N/A,https://www.facebook.com/GymKingSadBoi/posts/pfbid02rsnK4CVW8Ppf9iUgaPt3aSPa5ZEQAMXz3kZRdJg7zPKhAEcnHTuyPQ5YbziB9QhSl,0,Foto,,,,,Total,543,0,14,1,15,5,6,,0,11,529,0,0,0,0,0,
446617766987498,103185414664070,"Philosophical Gym Bro","Actualización de estado",,0,"12/17/2021 09:12",N/A,https://www.facebook.com/GymKingSadBoi/posts/pfbid02Cr4kYv7Mr3H3mguw8SpbqdrQhiArdq1Ds4m4TiKUQKgyqjzsd4dLVG4RGTB1cMWJl,0,Foto,,,,,Total,1349,1,41,1,43,52,73,,0,125,1299,0,0,0,0,0,
446640580318550,103185414664070,"Philosophical Gym Bro","Actualización de estado",,0,"12/17/2021 10:12",N/A,https://www.facebook.com/GymKingSadBoi/posts/pfbid02sZeHnAyEyx7L7kZz1WR1efMXkuiUUrnKcbZBHqZpar6PYwgT3gHrkKHrEqP7z828l,0,Foto,,,,,Total,1613,6,40,7,53,41,111,,0,152,1558,0,0,0,0,0,
447255886923686,103185414664070,"Philosophical Gym Bro","Actualización de estado",,0,"12/18/2021 11:12",N/A,https://www.facebook.com/GymKingSadBoi/posts/pfbid02LKJU8u9Jh2nhemRJAR7G1kotVPcDQpSoZ7wJt483N4hrzAzykX8vRe12X22StveQl,0,Foto,,,,,Total,615,0,7,1,8,4,4,,0,8,585,0,0,0,0,0,
447337490248859,103185414664070,"Philosophical Gym Bro",,"""The presence of an ethical symbol in a proposition adds nothing to its factual content. Thus if I say to someone, ‘You acted wrongly in stealing that money,’ I am not stating anything more than if I had simply said, ‘You stole that money.’ In adding that this action is wrong I am not making any further statement about it. I am simply evincing my moral disapproval of it. It is as if I had said, ‘You stole that money,’ in a peculiar tone of horror, or written it with
the addition of some special exclamation marks. The tone, or the exclamation marks, adds nothing to the literal meaning of the sentence. It merely serves to show that the expression of it is attended by certain feelings in the speaker.""
O.C. meme but not the quote",0,"12/18/2021 14:12",N/A,https://www.facebook.com/GymKingSadBoi/posts/pfbid0E1tNBELfdpWBFXg1TqG34v3twomd9j3ZwqUnZXqYv9cYMdH6YUY1ry6R6iL4YrP9l,0,Foto,,,,,Total,712,4,8,3,15,3,26,,0,29,687,0,0,0,0,0,
447897830192825,103185414664070,"Philosophical Gym Bro",,"Gymmin has gone on a meditation retreat. Post memes that imply there may be objective moral values",0,"12/19/2021 11:12",N/A,https://www.facebook.com/GymKingSadBoi/posts/pfbid02YJkbGiwEPM1QMBfwKGhathSAeFtfR6RMpX5WZCrqHB4Xo891zdWGRLZxeYv89m6Dl,0,Foto,,,,,Total,1359,3,71,8,82,9,46,,0,55,1307,0,0,0,0,0,
447971076852167,103185414664070,"Philosophical Gym Bro","Actualización de estado",,0,"12/19/2021 14:12",N/A,https://www.facebook.com/GymKingSadBoi/posts/pfbid0BrJ2WvkkAp4B4ct7CdvwVzL57Fbu8prf24vyP2G6aBHtD5stpYK9WsSPbFTxsa1Ll,0,Foto,,,,,Total,1044,0,45,3,48,14,24,,0,38,1005,0,0,0,0,0,
448646820117926,103185414664070,"Philosophical Gym Bro","Actualización de estado",,0,"12/20/2021 19:12",N/A,https://www.facebook.com/GymKingSadBoi/posts/pfbid02yuMX7noWeHZA6gN8sDdrwsiST9W3dhTxwgKWFQFwHE4amfavzaQUXAm8ixitZ3XGl,0,Foto,,,,,Total,1496,2,64,13,79,44,45,,0,89,1474,0,0,0,0,0,
449166610065947,103185414664070,"Philosophical Gym Bro","Actualización de estado",,0,"12/21/2021 13:12",N/A,https://www.facebook.com/GymKingSadBoi/posts/pfbid036UcAVJajaexRuvmzkYLpBAviVB6zu83n9qD7Hrdkvn3mvyq3TUdVzkrynmQ2JQSHl,0,Foto,,,,,Total,1089,0,46,5,51,29,26,,0,55,1076,0,0,0,0,0,
449231393392802,103185414664070,"Philosophical Gym Bro","Actualización de estado",,0,"12/21/2021 16:12",N/A,https://www.facebook.com/GymKingSadBoi/posts/pfbid034B4sW2ZbfRuYAEFCh8hQmohtaXwqEYsmmoLEW9RZ1T2PbSVxKytiJYUZBojEZY3l,0,Foto,,,,,Total,908,0,19,5,24,13,8,1,0,22,886,0,0,0,0,0,
449406603375281,103185414664070,"Philosophical Gym Bro","Actualización de estado",,0,"12/21/2021 22:12",N/A,https://www.facebook.com/GymKingSadBoi/posts/pfbid02KjtES7qNT1SPnANxjzBpdWLQD5SAbk7A8dxwAVb8XbUFs4rgN7v9fXbgAix5M95Sl,0,Foto,,,,,Total,949,0,26,3,29,9,11,,0,20,932,0,0,0,0,0,
450635896585685,103185414664070,"Philosophical Gym Bro","Actualización de estado",,0,"12/23/2021 22:12",N/A,https://www.facebook.com/GymKingSadBoi/posts/pfbid0EXGG9kN3NGqygtLKa9VK3GEacUfVZha4N4dG7k6Mt5c1uY7cgNCA8VmkGPbwVM6Gl,0,Foto,,,,,Total,868,0,9,1,10,13,15,,0,28,835,0,0,0,0,0,
450677186581556,103185414664070,"Philosophical Gym Bro","Actualización de estado",,0,"12/24/2021 00:12",N/A,https://www.facebook.com/GymKingSadBoi/posts/pfbid02eHpcPZqtuNTbcGCDazsyQgF6RnbaonHEVj7XmHq14saVr3mio5vXGrWMjiqH7YLDl,0,Foto,,,,,Total,880,0,32,2,34,6,10,,0,16,860,0,0,0,0,0,
450963606552914,103185414664070,"Philosophical Gym Bro","Actualización de estado",,0,"12/24/2021 10:12",N/A,https://www.facebook.com/GymKingSadBoi/posts/pfbid0j6RBPo58c8yPFZL5XT1pMTrWbDm2JhiYfNTiupH5aWn7CtQguGPD6T4SBuEMe6iel,0,Foto,,,,,Total,694,0,16,2,18,4,13,,0,17,679,0,0,0,0,0,
451069829875625,103185414664070,"Philosophical Gym Bro",,"OC
New Spiderboy was pretty gud",0,"12/24/2021 15:12",N/A,https://www.facebook.com/GymKingSadBoi/posts/pfbid02dRhDgYRLnKR28zudut78tK7k1mnzvYzajLr7VFRze8gDMtwA5xJjnb6XfgNZMnf3l,0,Foto,,,,,Total,832,0,7,1,8,13,3,,0,16,801,0,0,0,0,0,
451232373192704,103185414664070,"Philosophical Gym Bro","Sigmund Freud's Dank Meme Stash 2: Daddy's Return",,0,"12/24/2021 21:12",N/A,https://www.facebook.com/GymKingSadBoi/posts/pfbid02c5pwk3J2rfpbgYA2jsw5sJGZHTUQZFMN1BkPthfwQWVTB7H5sHJpawpWexhrfHNCl,0,Otro,,,,,Total,1025,0,9,0,9,17,7,,0,24,1011,0,0,0,0,0,
451238153192126,103185414664070,"Philosophical Gym Bro","Actualización de estado",,0,"12/24/2021 21:12",N/A,https://www.facebook.com/GymKingSadBoi/posts/pfbid05TrVUiLJysfaaM9PEyKeCSZ1fK5EuCGmeHqzupcgAwwoYspd9ArPPPykrjmLur66l,0,Foto,,,,,Total,1196,0,16,1,17,8,13,,0,21,1162,0,0,0,0,0,
451662096483065,103185414664070,"Philosophical Gym Bro","Actualización de estado",,0,"12/25/2021 11:12",N/A,https://www.facebook.com/GymKingSadBoi/posts/pfbid02XQsq1DoBa5rqpWSg5LwhMazdMRbTG48ACTWMo42eXZTVg8iVgSuRri9vEavC4LbWl,0,Foto,,,,,Total,1608,1,94,10,105,16,34,,0,50,1556,0,0,0,0,0,
453385939644014,103185414664070,"Philosophical Gym Bro","Actualización de estado",,0,"12/28/2021 09:12",N/A,https://www.facebook.com/GymKingSadBoi/posts/pfbid02yycXcTbd1QkWMu6hZHLjfGpepkSwsUWGVsvoCgt4xpWatDQTHcsmBGW8QyeTN86yl,0,Foto,,,,,Total,1718,2,54,8,64,68,71,,0,139,1637,0,0,0,0,0,
453659572949984,103185414664070,"Philosophical Gym Bro",,,0,"12/28/2021 22:12",N/A,https://www.facebook.com/GymKingSadBoi/posts/pfbid0Mz4cmgjnf7UsBUzMjNjYniPJjKs3aWKxTPWYS5wz3BiK9M1y4QDuDdGWXNx383Fpl,0,Foto,,,,,Total,2568,5,115,15,135,25,95,,0,120,2467,0,0,0,0,0,
453708079611800,103185414664070,"Philosophical Gym Bro","Actualización de estado",,0,"12/29/2021 00:12",N/A,https://www.facebook.com/GymKingSadBoi/posts/pfbid02vkRjV5yunV4ECDyGRH8JBtZU1H8VxuiYijvJo4rZo211RZCYC3VMbVdaFQPw9xx4l,0,Foto,,,,,Total,1548,0,22,1,23,29,67,,0,96,1493,0,0,0,0,0,
453923106256964,103185414664070,"Philosophical Gym Bro","Actualización de estado",,0,"12/29/2021 08:12",N/A,https://www.facebook.com/GymKingSadBoi/posts/pfbid02iqthSrS3YRBK9ApWdahGe3TKiJcRonFsyG6TGEwybwnbPyGRrVaqPpH7hN2M5fmil,0,Foto,,,,,Total,1252,0,22,2,24,7,6,,0,13,1202,0,0,0,0,0,
453968972919044,103185414664070,"Philosophical Gym Bro",,"Long OC",0,"12/29/2021 10:12",N/A,https://www.facebook.com/GymKingSadBoi/posts/pfbid0NgUGQfzQ9nmoidgxpCMGN3L2bCqNhKRVtRNhfN4fnkJX3i93CGZidcWboJVDtrmpl,0,Foto,,,,,Total,2927,6,56,15,77,193,87,,0,280,2839,0,0,0,0,0,
454175186231756,103185414664070,"Philosophical Gym Bro","Actualización de estado",,0,"12/29/2021 19:12",N/A,https://www.facebook.com/GymKingSadBoi/posts/pfbid037EwpUMN8f9Fz68kNE96b8W4bWgqcvySPoL9GZt2NZNBfdLTro5gH1uawMdWqHE44l,0,Foto,,,,,Total,1253,0,18,5,23,14,6,,0,20,1184,0,0,0,0,0,
454532626196012,103185414664070,"Philosophical Gym Bro","Actualización de estado",,0,"12/30/2021 09:12",N/A,https://www.facebook.com/GymKingSadBoi/posts/pfbid02AcDRqBNRrbnGtSCRGJnuTwraFZgWGyybTuTe3M389ikAdchUJ3Yn9yQ8PFe2SuJml,0,Foto,,,,,Total,1432,0,45,1,46,10,10,,0,20,1382,0,0,0,0,0,
454723792843562,103185414664070,"Philosophical Gym Bro",,"OC. From Valis, by Phillip K. Dick",0,"12/30/2021 18:12",N/A,https://www.facebook.com/GymKingSadBoi/posts/pfbid0pQ4akiAFptJ5zDY6Wm5udzcyfShrvd17CYdESZsrRn9eneMqGeCdMt4Xjarcupy8l,0,Foto,,,,,Total,1299,0,21,3,24,35,15,,0,50,1242,0,0,0,0,0,
413157770333498,103185414664070,"Philosophical Gym Bro","Actualización de estado",,0,"10/23/2021 11:10",N/A,https://www.facebook.com/GymKingSadBoi/posts/pfbid0ZmPcyn7dTynni2udKCUSucsUKmjZmR5CtCG5PfQFeF1b3pkHwaqMAPj3g35P7fFdl,0,Foto,,,,,Total,400,1,9,0,10,6,17,,0,23,390,0,0,0,0,0,
400793351569940,103185414664070,"Philosophical Gym Bro","Actualización de estado",,0,"10/04/2021 21:10",N/A,https://www.facebook.com/GymKingSadBoi/posts/pfbid0gqFpePdodpd2Zws11u39iGy6dDWLZDi7uo3Ho3wkqWNQWBJUXmthUG89YdbUZNYCl,0,Foto,,,,,Total,799,0,44,3,47,6,14,,0,20,781,0,0,0,0,0,
401276561521619,103185414664070,"Philosophical Gym Bro","Actualización de estado",,0,"10/05/2021 14:10",N/A,https://www.facebook.com/GymKingSadBoi/posts/pfbid025hisdEHXT7fvxEcHFMyescULWbBu1y15A8X5zP8Lg4x6nLCfqMUG3WAHXjE92Fwhl,0,Foto,,,,,Total,765,4,18,0,22,29,119,,0,148,736,0,0,0,0,0,
401817448134197,103185414664070,"Philosophical Gym Bro",,,0,"10/06/2021 07:10",N/A,https://www.facebook.com/GymKingSadBoi/posts/pfbid0VCmtSiPi2SHMiabvG5VCVhGj6E2xiZXLKr4draHZHL8bBTbKHLxsqo9ZtF3Y7piQl,0,Foto,,,,,Total,2006,39,88,10,137,20,180,,0,200,1998,0,0,0,0,0,3
402117438104198,103185414664070,"Philosophical Gym Bro","Actualización de estado",,0,"10/06/2021 18:10",N/A,https://www.facebook.com/GymKingSadBoi/posts/pfbid0sar2TdAvdEBJ9KBsau5eGSHbao6yrie4eK3k28xrnSvsWKnt3NDfRWczxwYWrnfXl,0,Foto,,,,,Total,1065,3,50,11,64,31,76,,0,107,1063,0,0,0,0,0,1
402492951399980,103185414664070,"Philosophical Gym Bro","Actualización de estado",,0,"10/07/2021 07:10",N/A,https://www.facebook.com/GymKingSadBoi/posts/pfbid0hQtkYp6PaAdVZDjhUD5rmTcmHQdckFkyY9gRVmsDka3gxT93bQPaRJUy51WAgiyBl,0,Foto,,,,,Total,294,0,10,1,11,2,8,,0,10,276,0,0,0,0,0,
402867911362484,103185414664070,"Philosophical Gym Bro","Actualización de estado",,0,"10/07/2021 21:10",N/A,https://www.facebook.com/GymKingSadBoi/posts/pfbid02CL9BfPK7URYWn9UjzUAAbqLAK5TFzmWdNVik8BXTHgD2xiBQzcuih22r3W2NgfJkl,0,Foto,,,,,Total,727,0,44,6,50,12,18,,0,30,721,0,0,0,0,0,
402893858026556,103185414664070,"Philosophical Gym Bro","Actualización de estado",,0,"10/07/2021 22:10",N/A,https://www.facebook.com/GymKingSadBoi/posts/pfbid0m5R5VCopBX6MCHqqoJZUF1zmfvoFHsfwH6LG9S7CEP7j4ddkqSBewKYztk6wFkVcl,0,Foto,,,,,Total,730,1,20,1,22,11,52,,0,63,699,0,0,0,0,0,
403238891325386,103185414664070,"Philosophical Gym Bro","Actualización de estado",,0,"10/08/2021 09:10",N/A,https://www.facebook.com/GymKingSadBoi/posts/pfbid02XBSivHxuP9eRhhZfXwbkpUUtwCB1TvJEonnPnj9ggRUGRFZgjRy9QBaNW3efBN8Zl,0,Foto,,,,,Total,661,0,9,1,10,39,36,,0,75,649,0,0,0,0,0,
403437221305553,103185414664070,"Philosophical Gym Bro","Actualización de estado",,0,"10/08/2021 17:10",N/A,https://www.facebook.com/GymKingSadBoi/posts/pfbid0fYLa3MtQmsDKq8FgA8Yd2h5xVau3CibacYj5A7D8vMiycK939hV9TEq2YMWagGM2l,0,Foto,,,,,Total,716,0,34,2,36,14,21,,0,35,713,0,0,0,0,0,
403586107957331,103185414664070,"Philosophical Gym Bro","Actualización de estado",,0,"10/08/2021 23:10",N/A,https://www.facebook.com/GymKingSadBoi/posts/pfbid0P88oNJMSKb5XQXywwG9EZ5XiDe1L4iWUEtR6K4CNCfbuespo4Ta6NK9ye5zq3cBCl,0,Foto,,,,,Total,708,1,25,3,29,16,48,,0,64,697,0,0,0,0,0,1
403679751281300,103185414664070,"Philosophical Gym Bro","Actualización de estado",,0,"10/09/2021 02:10",N/A,https://www.facebook.com/GymKingSadBoi/posts/pfbid021rAo2NLs5hLWnsSBC9oXmmVnZ7TdDGtEDL1R2iwYWRmHpJsHE7yEzoyfUdBJdcYBl,0,Foto,,,,,Total,312,0,8,0,8,1,4,,0,5,294,0,0,0,0,0,
403912317924710,103185414664070,"Philosophical Gym Bro",,"Bros, the construction of a human body could be said to be centered around the digestive tract- which each of our functions said to be only meant to sustain our endless and unsatisfying consumption. The stomach is a hole which cannot be filled.
Also, I'm on a cut right now, and that has nothing to do with me thinking about this. 
-Gymmin.",0,"10/09/2021 09:10",N/A,https://www.facebook.com/GymKingSadBoi/posts/pfbid0342XN2Q2qw1MknnBxKG9JrmLA9JNokFeaLFprvZo3niwUa8TmcB38zDWnSLZh5iozl,0,Foto,,,,,Total,2492,5,85,7,97,32,96,,0,128,2467,0,0,0,0,0,1
404361871213088,103185414664070,"Philosophical Gym Bro",,"These youtube recommendations are getting weirdly specific",0,"10/10/2021 00:10",N/A,https://www.facebook.com/GymKingSadBoi/posts/pfbid0eMY2sgQPuJnxLwQ3RJjGng3xedvnpSsiHPpurn7bTNxaUVaJwhbCsRwwyhPnwEmpl,0,Foto,,,,,Total,994,4,44,7,55,15,22,,0,37,955,0,0,0,0,0,
404578011191474,103185414664070,"Philosophical Gym Bro","Actualización de estado",,0,"10/10/2021 07:10",N/A,https://www.facebook.com/GymKingSadBoi/posts/pfbid0rBvREgZ2YZJS51FfcVtz1CoZ81wahWTaUuBroXiXGJi1W7gLPBuP7J3JhUqgKFU5l,0,Foto,,,,,Total,1001,0,58,7,65,11,26,,0,37,971,0,0,0,0,0,
404680871181188,103185414664070,"Philosophical Gym Bro","Actualización de estado",,0,"10/10/2021 10:10",N/A,https://www.facebook.com/GymKingSadBoi/posts/pfbid021uzVRTkyaGA8dhVNgY24q1M25Ee22jbkow7v8q2qp1MCPCbgLu6HQhbuAqWxThDzl,0,Foto,,,,,Total,382,2,19,0,21,6,16,,0,22,368,0,0,0,0,0,
404870274495581,103185414664070,"Philosophical Gym Bro","Actualización de estado",,0,"10/10/2021 17:10",N/A,https://www.facebook.com/GymKingSadBoi/posts/pfbid02oxizUUAP1d8kMFBcQ7WWQxQiQH7cGS7T4CoTJ8mkro1tYguv3z4aoKk6QER2PVAgl,0,Foto,,,,,Total,998,6,21,2,29,9,64,,0,73,988,0,0,0,0,0,
406039181045357,103185414664070,"Philosophical Gym Bro","Actualización de estado",,0,"10/12/2021 08:10",N/A,https://www.facebook.com/GymKingSadBoi/posts/pfbid02vJKrzebmuLZ3n6befsdsTVkxKYiQpQijsXgT4bcPSRejKBc5S9cNXj4WCL6VyFKol,0,Foto,,,,,Total,592,0,6,0,6,28,6,,0,34,575,0,0,0,0,0,
406042141045061,103185414664070,"Philosophical Gym Bro","Actualización de estado",,0,"10/12/2021 08:10",N/A,https://www.facebook.com/GymKingSadBoi/posts/pfbid0KfQZmo9fybfx3UWG3xF5TFC24VzG74WVrQBokc5CrV6LKx66GKEhVdM5YHri9To2l,0,Foto,,,,,Total,578,0,19,4,23,8,15,,0,23,555,0,0,0,0,0,
406720724310536,103185414664070,"Philosophical Gym Bro",,"Daily reminder",0,"10/13/2021 10:10",N/A,https://www.facebook.com/GymKingSadBoi/posts/pfbid02jmd7nZmAJKPDtTXcP6jKuix7fDrLJpH8eZLHXj7ocf4KoE5cRM4xYLcDrFYJ7mG5l,0,Foto,,,,,Total,1026,3,50,8,61,17,11,,0,28,993,0,0,0,0,0,
406867014295907,103185414664070,"Philosophical Gym Bro","Meme Symposium",,0,"10/13/2021 16:10",N/A,https://www.facebook.com/GymKingSadBoi/posts/pfbid02Yi87C6T14LcccpAVf8rnCDLs7TAmJ3UYbw88hhxxtnoEHNESdnJD7MetYek59Expl,0,Otro,,,,,Total,750,0,8,0,8,93,43,,0,136,733,0,0,0,0,0,
407080380941237,103185414664070,"Philosophical Gym Bro","Actualización de estado",,0,"10/13/2021 23:10",N/A,https://www.facebook.com/GymKingSadBoi/posts/pfbid024bQ1id7Aoboy37JEkjKvZW9Roio4KMp7kjUPiRma8pBdarxpwwU2UUaoVK7z78xgl,0,Foto,,,,,Total,856,1,37,8,46,20,33,,0,53,847,0,0,0,0,0,
407384014244207,103185414664070,"Philosophical Gym Bro","Actualización de estado",,0,"10/14/2021 09:10",N/A,https://www.facebook.com/GymKingSadBoi/posts/pfbid02Mg9kXE4ayJWdHxi76edxP9X3KPVdY9SzLdfP7Aic2h3dB2Mp9FY8xqsGWaatXbKCl,0,Foto,,,,,Total,1370,12,73,7,92,34,67,,0,101,1331,0,0,0,0,0,
407679137548028,103185414664070,"Philosophical Gym Bro","Actualización de estado",,0,"10/14/2021 20:10",N/A,https://www.facebook.com/GymKingSadBoi/posts/pfbid0T8KHDAvJ2r9KUxGz7AHTf25HxKLHPu6mzuz9WiJum1Ff3otLW8J7fYVBPnEKBXYsl,0,Foto,,,,,Total,922,0,67,6,73,25,42,,0,67,909,0,0,0,0,0,
408090564173552,103185414664070,"Philosophical Gym Bro","Actualización de estado",,0,"10/15/2021 09:10",N/A,https://www.facebook.com/GymKingSadBoi/posts/pfbid02c5ido5BMmZFb2FZBzHhLnxyV3a6nDMpuQsGyJMKhTyzAx2CqYWUB8ApRqWsNgzT3l,0,Foto,,,,,Total,625,0,8,2,10,20,11,,0,31,613,0,0,0,0,0,
408512707464671,103185414664070,"Philosophical Gym Bro","Actualización de estado",,0,"10/16/2021 01:10",N/A,https://www.facebook.com/GymKingSadBoi/posts/pfbid02FsTUmdrWedLgxDXoPMVuj6MiS7PiiUpsb9HSJpy6hTiu9RxNipGNByntyxtV7onWl,0,Foto,,,,,Total,973,4,58,13,75,13,78,,0,91,948,0,0,0,0,0,
408592017456740,103185414664070,"Philosophical Gym Bro","Actualización de estado",,0,"10/16/2021 04:10",N/A,https://www.facebook.com/GymKingSadBoi/posts/pfbid036PoSD9jYtjij26rToRDNQeKspVCGa6Y5WnmkhdDArAZDHNcDsYwbbeiC78NRPpUUl,0,Foto,,,,,Total,904,0,31,8,39,33,33,,0,66,878,0,0,0,0,0,1
408967914085817,103185414664070,"Philosophical Gym Bro","Actualización de estado",,0,"10/16/2021 16:10",N/A,https://www.facebook.com/GymKingSadBoi/posts/pfbid0eYnTJZ9BXLPprUPZ7ojZAkfhgk2scHrEoZDLBfu9sjNijwUffGevCkfT9kukyn1Cl,0,Foto,,,,,Total,1178,1,64,2,67,24,102,,0,126,1169,0,0,0,0,0,
409596194022989,103185414664070,"Philosophical Gym Bro",,,0,"10/17/2021 15:10",N/A,https://www.facebook.com/GymKingSadBoi/posts/pfbid0226NDMUpTvqYq13PWUmpDHbcu4hDchCWpeYWCsm3WCNehsgmVvXJMCmwQZgMhj8tNl,0,Foto,,,,,Total,2272,11,20,2,33,7,117,,0,124,2170,0,0,0,0,0,1
409608937355048,103185414664070,"Philosophical Gym Bro","Actualización de estado",,0,"10/17/2021 16:10",N/A,https://www.facebook.com/GymKingSadBoi/posts/pfbid0H9W6M2pmg8yKSSAXVcuUL4KSoaRd2kbHPMyd6FK3waFpqWajYC6vXq4ZA9ZWpYz7l,0,Foto,,,,,Total,812,0,19,1,20,35,21,,0,56,803,0,0,0,0,0,
409619600687315,103185414664070,"Philosophical Gym Bro","Actualización de estado",,0,"10/17/2021 16:10",N/A,https://www.facebook.com/GymKingSadBoi/posts/pfbid0hymND3uerLoBm1S3JHKsKajcWMRGGpV148Lqcjh1nMNgyjrTaZZTSWYyTJR37deTl,0,Foto,,,,,Total,242,0,4,0,4,,3,,0,3,229,0,0,0,0,0,
410326770616598,103185414664070,"Philosophical Gym Bro",,,0,"10/18/2021 21:10",N/A,https://www.facebook.com/GymKingSadBoi/posts/pfbid026DkmtxqYkgEraEstrPoBFNsbRwtUihoWrbbPquwWjxvwZ4th6hbYv3LJcMRiK25dl,0,Foto,,,,,Total,666,6,54,3,63,11,32,,0,43,636,0,0,0,0,0,
410707400578535,103185414664070,"Philosophical Gym Bro",,"Stolen. Are people sick of these yet?",0,"10/19/2021 12:10",N/A,https://www.facebook.com/GymKingSadBoi/posts/pfbid0L2hjRKKj1NZ5siDnmDPsrf4foN3rQdPDYnAuUWCQE6vw2q15WWLuwKxanEgMVR4El,0,Foto,,,,,Total,797,1,36,3,40,5,9,,0,14,785,0,0,0,0,0,
410745320574743,103185414664070,"Philosophical Gym Bro","Actualización de estado",,0,"10/19/2021 13:10",N/A,https://www.facebook.com/GymKingSadBoi/posts/pfbid021YhJLhwphXERx8Nshe6ResERpe9eDRhQ6Vb8QLvirvdVb17Yfk5GQDPKkmr48NEfl,0,Texto,,,,,Total,451,0,9,1,10,,18,,0,18,439,0,0,0,0,0,
411161747199767,103185414664070,"Philosophical Gym Bro","Actualización de estado",,0,"10/20/2021 07:10",N/A,https://www.facebook.com/GymKingSadBoi/posts/pfbid02Mcz4RMB83vWv5j73Rpwgsbc4nbkf4nLW5A6WPLQVnzUNxoQY9re1ZwmUs8p9FL1jl,0,Foto,,,,,Total,838,0,36,3,39,8,15,,0,23,835,0,0,0,0,0,
411233163859292,103185414664070,"Philosophical Gym Bro","Actualización de estado",,0,"10/20/2021 09:10",N/A,https://www.facebook.com/GymKingSadBoi/posts/pfbid0CjWm3yj3aMSCVM9zCgE4wCpNshhD1mbaWTkJxWCRut92zRUKLKibnLX5Cf1siXJrl,0,Foto,,,,,Total,834,1,20,3,24,28,25,,0,53,819,0,0,0,0,0,
411159260533349,103185414664070,"Philosophical Gym Bro",,OC,0,"10/20/2021 11:10",N/A,https://www.facebook.com/GymKingSadBoi/posts/pfbid0j7BX5DMZ7CPG8Pej3nBvJHPwJoQACDxybwsVuMmLQCJnaQ9ifLmhKFXj8XKg1UCZl,0,Foto,,,,,Total,881,0,17,2,19,111,32,,0,143,847,0,0,0,0,0,
411581437157798,103185414664070,"Philosophical Gym Bro","Evil Sadler Says | don't bother with primary texts in philosophy. . . .","OH GOD

OH FUCJ",0,"10/20/2021 23:10",N/A,https://www.facebook.com/GymKingSadBoi/posts/pfbid02zTF5TjYbtPBX6MxwGEeR9esBrk4bNEHGayABLzLhrrSpPjmyFc1rVVZ2veaPxU8Zl,0,Enlace,,,,,Total,501,2,17,1,20,,8,12,0,20,494,0,0,0,0,0,
412047873777821,103185414664070,"Philosophical Gym Bro","Actualización de estado",,0,"10/21/2021 16:10",N/A,https://www.facebook.com/GymKingSadBoi/posts/pfbid02XXRsyP5fGrxeNbvvuRxCYhLDx1V2umGYNMwTRH1AteR9UG4Xfe3cYYVxhEgoAXbxl,0,Foto,,,,,Total,1298,2,73,8,83,31,80,,0,111,1286,0,0,0,0,0,
412568467059095,103185414664070,"Philosophical Gym Bro",,"Making up for the Jung bashing last week",0,"10/22/2021 12:10",N/A,https://www.facebook.com/GymKingSadBoi/posts/pfbid02caLAewHDAB7sn9hTT2mLeuUYnxEYLMtCGckNynMXfrsCjgJk5NhzPqtTFAo4Cmral,0,Foto,,,,,Total,738,2,21,2,25,2,17,,0,19,721,0,0,0,0,0,
412700147045927,103185414664070,"Philosophical Gym Bro",,,0,"10/22/2021 18:10",N/A,https://www.facebook.com/GymKingSadBoi/posts/pfbid02cG6Mj6Er7yVNcCBfZL5wvu7TuF8w4AraJ5FihZmoer4vYJsRVytPYQQZk1Abdjd7l,0,Foto,,,,,Total,1361,4,49,12,65,10,43,1,0,54,1267,0,0,0,0,0,
413142490335026,103185414664070,"Philosophical Gym Bro",,"Saw Hellraiser again a month ago and been seeing a lot of Hellraiser memes around since. Guess going to Hell is in the zeitgiest atm.
OC",0,"10/23/2021 11:10",N/A,https://www.facebook.com/GymKingSadBoi/posts/pfbid026oW1kMQonC1kM8nLmQhdhmx4bHeZ2Jm6jMDCqF4A5UH4knnDRqnMfUDM8dFFsrZ2l,0,Foto,,,,,Total,652,2,7,0,9,13,11,,0,24,645,0,0,0,0,0,
400589374923671,103185414664070,"Philosophical Gym Bro","Actualización de estado",,0,"10/04/2021 06:10",N/A,https://www.facebook.com/GymKingSadBoi/posts/pfbid02LcEHuYmURf999GYTWyaDfZhGCnN3GpavCM9nPBgU66YQ9F8GU1yhnQEaZXgrBRK1l,0,Foto,,,,,Total,464,0,20,3,23,7,10,,0,17,451,0,0,0,0,0,
