"","X.1","X","date","time","impressions","likes","shares","total_clicks","engagements","description","other_clicks","photo_views","comments","reach","vectorific","isOc","weekday"
"1",1,1,2022-02-07,"09:02",2521,77,10,84,92,"What goes in a soup, salad, or sandwich is a social construct. 

A roadmap to every discussion of this type.
""Is X a Y? (Despite falling outside of it by obvious convention.)""
""No, (I say this intuitively because it's against my unexpressed usage conventions)""
""But it follows some abstract rule that you might use to define that linguistic category! If you don't accept that rule, what rule do you accept?""
*Foolish sod tried to come up with some rule, falling for the idealist trap.*
""But there's a counterexample to that rule, or that rule would include such or such unconventional thing that doesn't fall into the category""
Continue ad nauseum.

The whole mess came from trying to define some platonic form of soups or whatever, when what goes in a soup, salad, or sandwich is a social construct. We just call things soups cuz that's what we call things like that.",68,16,5,2395,1,TRUE,"Monday"
"2",2,2,2022-02-07,"14:02",1322,36,6,99,42,"",32,67,0,1256,2,FALSE,"Monday"
"3",3,3,2022-02-07,"19:02",936,24,0,17,26,"OC
When your prayer has whack error bars",11,6,2,901,3,TRUE,"Monday"
"4",4,4,2022-02-08,"10:02",1889,99,10,103,111,"",70,33,2,1789,4,FALSE,"Tuesday"
"5",5,5,2022-02-08,"17:02",1117,50,6,56,57,"",34,22,1,1098,5,FALSE,"Tuesday"
"6",6,6,2022-02-09,"18:02",1325,37,10,115,47,"Shilled for a copy with these in it. Worth it.",63,52,0,1251,6,FALSE,"Wednesday"
"7",7,7,2022-02-11,"11:02",1445,42,6,100,49,"OC",40,60,1,1372,7,TRUE,"Friday"
"8",8,8,2022-02-11,"13:02",1289,60,8,46,68,"",30,16,0,1225,8,FALSE,"Friday"
"9",9,9,2022-02-11,"17:02",1003,38,0,68,41,"",67,NA,3,963,9,FALSE,"Friday"
"10",10,10,2022-02-12,"15:02",1870,33,10,96,47,"",57,39,4,1796,10,FALSE,"Saturday"
"11",11,11,2022-02-13,"10:02",1189,43,7,84,51,"The industrial revolution and its consequences have been a disaster for the human race.",62,22,1,1133,11,FALSE,"Sunday"
"12",12,12,2022-02-13,"15:02",2167,52,6,199,59,"OC",45,154,1,2071,12,TRUE,"Sunday"
"13",13,13,2022-02-15,"07:02",873,31,3,37,34,"",21,16,0,873,13,FALSE,"Tuesday"
"14",14,14,2022-02-15,"19:02",2348,94,15,60,109,"Not OC",42,18,0,2246,14,TRUE,"Tuesday"
"15",15,15,2022-02-15,"22:02",1061,14,4,30,18,"",17,13,0,1023,15,FALSE,"Tuesday"
"16",16,16,2022-02-16,"08:02",4469,124,27,170,169,"NONTEMPORAL ENTITIES THE MOST TOXIC FANDOM CONFIRMED!
o.c.",128,42,18,4399,16,FALSE,"Wednesday"
"17",17,17,2022-02-16,"18:02",1636,27,2,142,29,"",48,94,0,1586,17,FALSE,"Wednesday"
"18",18,18,2022-02-16,"23:02",1277,23,4,30,27,"",23,7,0,1253,18,FALSE,"Wednesday"
"19",19,19,2022-02-17,"11:02",1821,52,7,189,61,"Probably already been done",56,133,2,1770,19,FALSE,"Thursday"
"20",20,20,2022-02-17,"19:02",2274,107,13,273,125,"",204,69,5,2193,20,FALSE,"Thursday"
"21",21,21,2022-02-17,"19:02",1122,14,3,10,17,"Biblically accurate Krebs
OC",7,3,0,1081,21,TRUE,"Thursday"
"22",22,22,2022-02-17,"21:02",1538,22,5,62,28,"",23,39,1,1464,22,FALSE,"Thursday"
"23",23,23,2022-02-18,"10:02",1434,18,2,47,20,"",34,13,0,1392,23,FALSE,"Friday"
"24",24,24,2022-02-18,"20:02",1543,35,5,29,41,"Pyruvate lil beitch 
OC",21,8,1,1458,24,TRUE,"Friday"
"25",25,25,2022-02-19,"12:02",1547,53,1,34,54,"",8,26,0,1526,25,FALSE,"Saturday"
"26",26,26,2022-02-19,"20:02",1130,4,2,6,7,"""Bruh you're like 3 hours late bringing the acetyl group. What were you doing?
OC",1,5,1,1122,26,TRUE,"Saturday"
"27",27,27,2022-02-20,"21:02",65886,2306,339,4138,2850,"",3265,873,205,62620,27,FALSE,"Sunday"
"28",28,28,2022-02-21,"14:02",1171,12,3,13,16,"Dore is always so gud",11,2,1,1119,28,FALSE,"Monday"
"29",29,29,2022-02-21,"16:02",1401,40,3,38,45,"absolute unit",20,NA,2,1309,29,FALSE,"Monday"
"30",30,30,2022-02-22,"04:02",2063,46,8,147,56,"",81,66,2,1964,30,FALSE,"Tuesday"
"31",31,31,2022-02-22,"19:02",17400,690,145,2327,974,"",1752,575,139,16796,31,FALSE,"Tuesday"
"32",32,32,2022-02-23,"21:02",538,13,3,12,17,"Guys WWIII just dropped!",3,9,1,498,32,FALSE,"Wednesday"
"33",33,33,2022-02-23,"21:02",1737,53,3,56,56,"",32,24,0,1628,33,FALSE,"Wednesday"
"34",34,34,2022-02-24,"07:02",951,21,3,39,24,"",28,11,0,879,34,FALSE,"Thursday"
"35",35,35,2022-02-24,"14:02",1172,27,2,70,33,"",38,32,4,1100,35,FALSE,"Thursday"
"36",36,36,2022-02-24,"16:02",2251,33,5,357,42,"Dang, there were other forms of power than money?",117,240,4,2085,36,FALSE,"Thursday"
"37",37,37,2022-02-25,"23:02",2121,51,2,609,55,"",314,295,2,2006,37,FALSE,"Friday"
"38",38,38,2022-02-26,"13:02",1504,43,9,102,52,"",67,35,0,1432,38,FALSE,"Saturday"
"39",39,39,2022-02-27,"16:02",1933,43,8,40,51,"oC",22,18,0,1852,39,FALSE,"Sunday"
"40",40,40,2022-02-27,"18:02",1743,23,3,46,26,"",10,36,0,1673,40,FALSE,"Sunday"
"41",41,41,2022-02-27,"19:02",1461,39,5,37,50,"We want justice",27,10,6,1351,41,FALSE,"Sunday"
"42",42,42,2022-02-27,"20:02",1959,19,1,129,21,"Someone has been plagiarizing me",66,63,1,1840,42,FALSE,"Sunday"
"43",43,43,2022-02-28,"10:02",2051,37,7,243,56,"",243,NA,12,2009,43,FALSE,"Monday"
"44",44,44,2022-02-28,"14:02",2430,51,8,79,71,"Blatantly stolen",52,27,12,2246,44,FALSE,"Monday"
"45",45,45,2022-02-28,"18:02",1032,15,0,39,16,"Body with too many organs",32,7,1,1028,45,FALSE,"Monday"
"46",46,46,2022-02-28,"19:02",1101,29,2,19,31,"",12,7,0,1074,46,FALSE,"Monday"
"47",47,47,2022-03-02,"14:03",2416,140,27,178,167,"",124,54,0,2282,47,FALSE,"Wednesday"
"48",48,48,2022-03-02,"21:03",1605,38,5,78,43,"",49,29,0,1584,48,FALSE,"Wednesday"
"49",49,49,2022-03-02,"21:03",1590,61,12,99,73,"",56,43,0,1556,49,FALSE,"Wednesday"
"50",50,50,2022-03-02,"21:03",1662,98,12,132,113,"",59,73,3,1617,50,FALSE,"Wednesday"
"51",51,51,2022-03-03,"12:03",1128,33,3,53,37,"",43,10,1,1126,51,FALSE,"Thursday"
"52",52,52,2022-03-03,"18:03",1389,52,11,78,64,"",48,30,1,1326,52,FALSE,"Thursday"
"53",53,53,2022-03-03,"20:03",1571,30,2,30,34,"OC",16,14,2,1518,53,TRUE,"Thursday"
"54",54,54,2022-03-03,"21:03",1288,19,0,16,20,"",11,5,1,1238,54,FALSE,"Thursday"
"55",55,55,2022-03-04,"12:03",871,6,0,28,6,"",16,12,0,855,55,FALSE,"Friday"
"56",56,56,2022-03-04,"18:03",3038,129,18,131,174,"",95,36,27,2875,56,FALSE,"Friday"
"57",57,57,2022-03-04,"20:03",1224,78,9,97,87,"",67,30,0,1196,57,FALSE,"Friday"
"58",58,58,2022-03-04,"22:03",1861,75,14,73,89,"microplastique",37,36,0,1815,58,FALSE,"Friday"
"59",59,59,2022-03-05,"10:03",1287,28,1,58,29,"",36,22,0,1245,59,FALSE,"Saturday"
"60",60,60,2022-03-05,"11:03",3402,130,22,209,165,"Simulation theory is just neo-neo-platonism, change my mind",142,67,13,3269,60,FALSE,"Saturday"
"61",61,61,2022-03-05,"13:03",1937,72,9,175,82,"",134,41,1,1897,61,FALSE,"Saturday"
"62",62,62,2022-03-06,"01:03",1934,84,12,77,96,"",44,33,0,1915,62,FALSE,"Sunday"
"63",63,63,2022-03-06,"20:03",3663,140,30,159,174,"Stolen from somewhere",110,48,4,3428,63,FALSE,"Sunday"
"64",64,64,2022-03-06,"21:03",1091,14,1,4,15,"Everyone who played this game chose to mercilessly drop this penguin off a cliff just to see if we could.",2,2,0,1054,64,FALSE,"Sunday"
"65",65,65,2022-03-07,"13:03",1019,12,1,13,13,"*Kermit voice* you should be a monster",6,7,0,969,65,FALSE,"Monday"
"66",66,66,2022-03-08,"19:03",2092,60,5,182,68,"",91,91,3,2079,66,FALSE,"Tuesday"
"67",67,67,2022-03-08,"20:03",1635,57,8,63,65,"",42,21,0,1604,67,FALSE,"Tuesday"
"68",68,68,2022-03-09,"17:03",1868,85,9,94,99,"",74,20,5,1803,68,FALSE,"Wednesday"
"69",69,69,2022-03-10,"23:03",1769,47,6,46,54,"",34,12,1,1739,69,FALSE,"Thursday"
"70",70,70,2022-03-11,"13:03",1335,15,1,33,16,"",24,9,0,1305,70,FALSE,"Friday"
"71",71,71,2022-03-12,"20:03",1393,28,4,25,32,"",16,9,0,1358,71,FALSE,"Saturday"
"72",72,72,2022-03-13,"13:03",1051,9,1,64,10,"",26,38,0,1001,72,FALSE,"Sunday"
"73",73,73,2022-03-13,"17:03",1063,16,4,77,22,"New capeshit was aight",35,42,2,1039,73,FALSE,"Sunday"
"74",74,74,2022-03-13,"17:03",2297,81,9,196,90,"",124,72,0,2294,74,FALSE,"Sunday"
"75",75,75,2022-03-13,"21:03",1411,19,2,30,23,"",24,6,2,1368,75,FALSE,"Sunday"
"76",76,76,2022-03-13,"23:03",1956,38,10,64,48,"",38,26,0,1935,76,FALSE,"Sunday"
"77",77,77,2022-03-14,"08:03",1638,39,5,36,44,"",27,9,0,1608,77,FALSE,"Monday"
"78",78,78,2022-03-14,"16:03",2156,78,6,66,90,"",53,13,6,2130,78,FALSE,"Monday"
"79",79,79,2022-03-14,"19:03",1858,61,9,97,72,"",55,42,2,1833,79,FALSE,"Monday"
"80",80,80,2022-03-14,"19:03",1330,31,5,38,36,"",29,9,0,1328,80,FALSE,"Monday"
"81",81,81,2022-03-14,"22:03",2550,30,2,320,32,"",130,189,0,2501,81,FALSE,"Monday"
"82",82,82,2022-03-15,"10:03",2269,41,5,153,46,"",65,88,0,2216,82,FALSE,"Tuesday"
"83",83,83,2022-03-15,"13:03",3721,27,3,586,39,"OC",172,414,9,3630,83,TRUE,"Tuesday"
"84",84,84,2022-03-17,"10:03",1583,28,8,55,39,"",48,7,3,1503,84,FALSE,"Thursday"
"85",85,85,2022-03-17,"13:03",1443,21,0,32,25,"True Story.",27,5,4,1357,85,FALSE,"Thursday"
"86",86,86,2022-03-17,"18:03",1217,49,5,55,54,"",35,20,0,1177,86,FALSE,"Thursday"
"87",87,87,2022-03-17,"22:03",753,18,0,27,18,"Brothers, we can just start planting trees everywhere. They can't stop all of us.",27,NA,0,726,87,FALSE,"Thursday"
"88",88,88,2022-03-18,"11:03",2813,76,17,311,98,"",166,145,5,2719,88,FALSE,"Friday"
"89",89,89,2022-03-19,"13:03",1886,50,7,73,57,"I actually gave a Foucault finger-puppet to one of the other admins for Christmas this year",50,20,0,1860,89,FALSE,"Saturday"
"90",90,90,2022-03-19,"23:03",1488,26,3,90,30,"",67,23,1,1430,90,FALSE,"Saturday"
"91",91,91,2022-03-20,"07:03",1776,52,7,65,59,"Possibly a repost",35,30,0,1735,91,FALSE,"Sunday"
"92",92,92,2022-03-20,"10:03",3318,143,18,160,166,"Stolen shamelessly",105,55,5,3201,92,FALSE,"Sunday"
"93",93,93,2022-03-20,"13:03",662,18,0,14,19,"",4,10,1,636,93,FALSE,"Sunday"
"94",94,94,2022-03-20,"16:03",1378,28,1,280,30,"",174,106,1,1303,94,FALSE,"Sunday"
"95",95,95,2022-03-20,"17:03",3038,111,18,139,138,"Feeling self-conscious at the gym",111,28,9,2959,95,FALSE,"Sunday"
"96",96,96,2022-03-21,"16:03",1080,30,3,24,33,"",13,11,0,1044,96,FALSE,"Monday"
"97",97,97,2022-03-21,"19:03",5278,204,29,302,253,"Oc",235,67,20,5203,97,FALSE,"Monday"
"98",98,98,2022-03-21,"22:03",1154,20,3,17,23,"",12,5,0,1121,98,FALSE,"Monday"
"99",99,99,2022-03-22,"14:03",2042,80,8,210,88,"",118,92,0,1985,99,FALSE,"Tuesday"
"100",100,100,2022-03-22,"14:03",1385,68,9,78,77,"",46,32,0,1341,100,FALSE,"Tuesday"
"101",101,101,2022-03-23,"02:03",1780,52,15,127,69,"",76,51,2,1768,101,FALSE,"Wednesday"
"102",102,102,2022-03-23,"12:03",2777,65,7,103,79,"Been listening to Zen Mind, Beginners mind in the gym. Suzuki Roshi talks about frogs for a good 15 minutes. It's good stuff.",76,27,7,2594,102,FALSE,"Wednesday"
"103",103,103,2022-03-23,"14:03",1487,30,6,31,37,"zenfroggezenfrogge",23,8,1,1442,103,FALSE,"Wednesday"
"104",104,104,2022-03-24,"22:03",1901,48,11,199,59,"",69,130,0,1857,104,FALSE,"Thursday"
"105",105,105,2022-03-25,"05:03",4293,72,10,154,95,"",86,68,13,4196,105,FALSE,"Friday"
"106",106,106,2022-03-25,"09:03",4122,128,11,155,148,"not OC",66,89,9,4003,106,TRUE,"Friday"
"107",107,107,2022-03-25,"14:03",1310,25,4,65,29,"",18,47,0,1264,107,FALSE,"Friday"
"108",108,108,2022-03-25,"20:03",2384,39,6,581,48,"OC
Remember kids everything is always France's fault...
Except when it's England's fault.
https://en.wikipedia.org/wiki/Saxon_Wars",15,527,3,2344,108,TRUE,"Friday"
"109",109,109,2022-03-26,"09:03",2520,146,21,253,169,"",55,198,2,2441,109,FALSE,"Saturday"
"110",110,110,2022-03-26,"19:03",1427,27,3,63,30,"I'm sure someone has done this before but
OC",22,40,0,1402,110,TRUE,"Saturday"
"111",111,111,2022-03-27,"13:03",817,15,2,36,18,"",21,15,1,772,111,FALSE,"Sunday"
"112",112,112,2022-03-27,"13:03",2095,70,6,232,78,"",152,80,2,2049,112,FALSE,"Sunday"
"113",113,113,2022-03-27,"17:03",1612,41,2,112,43,"",73,39,0,1554,113,FALSE,"Sunday"
"114",114,114,2022-03-28,"06:03",1724,38,9,96,52,"OC",37,59,5,1639,114,TRUE,"Monday"
"115",115,115,2022-03-28,"12:03",1824,39,4,93,45,"The other route- they lean into it and make a cult instead of retiring. 
O.C.",29,64,2,1737,115,TRUE,"Monday"
"116",116,116,2022-03-28,"13:03",1552,41,8,102,51,"",38,64,2,1476,116,FALSE,"Monday"
"117",117,117,2022-03-28,"16:03",1465,41,7,61,48,"",21,40,0,1402,117,FALSE,"Monday"
"118",118,118,2022-03-28,"17:03",1137,30,3,69,33,"",21,48,0,1110,118,FALSE,"Monday"
"119",119,119,2022-03-28,"18:03",752,12,0,48,12,"",48,NA,0,703,119,FALSE,"Monday"
"120",120,120,2022-03-28,"21:03",1567,37,4,37,42,"O.C. but the picture is from some random buff boi.",28,9,1,1489,120,TRUE,"Monday"
"121",121,121,2022-03-29,"05:03",2979,77,17,191,115,"I can't take fundies who aren't also militant enviromentalists seriously.
OC",158,33,21,2738,121,TRUE,"Tuesday"
"122",122,122,2022-03-29,"16:03",1407,23,2,35,25,"",21,14,0,1343,122,FALSE,"Tuesday"
"123",123,123,2022-03-30,"08:03",1129,24,5,35,29,"",21,14,0,1073,123,FALSE,"Wednesday"
"124",124,124,2022-03-30,"14:03",15372,211,32,1602,267,"OC",756,846,24,15001,124,TRUE,"Wednesday"
"125",125,125,2022-03-31,"05:03",2987,68,6,68,75,"OC",39,29,1,2917,125,TRUE,"Thursday"
"126",126,126,2022-03-31,"10:03",2990,131,10,304,147,"",226,78,6,2925,126,FALSE,"Thursday"
"127",127,127,2022-03-31,"16:03",1703,26,2,64,29,"Submission from a Bro:
""It is perhaps true to say that, in Greece, mathematics were born from techniques of measurement.""
--Foucault",50,14,1,1612,127,FALSE,"Thursday"
"128",128,128,2022-02-07,"04:02",457,8,1,10,9,"",4,6,0,423,128,FALSE,"Monday"
"129",129,129,2022-01-01,"19:01",2207,125,14,208,141,"",136,72,2,2144,129,FALSE,"Saturday"
"130",130,130,2022-01-02,"09:01",1455,41,5,240,46,"",122,118,0,1430,130,FALSE,"Sunday"
"131",131,131,2022-01-02,"09:01",959,23,0,99,27,"",97,NA,4,912,131,FALSE,"Sunday"
"132",132,132,2022-01-02,"10:01",2257,95,9,96,114,"Post-Modernism? Nah man, I just post Physique.",96,NA,10,2158,132,FALSE,"Sunday"
"133",133,133,2022-01-02,"19:01",1185,61,10,43,71,"",24,19,0,1145,133,FALSE,"Sunday"
"134",134,134,2022-01-03,"00:01",1598,34,7,291,41,"",122,169,0,1554,134,FALSE,"Monday"
"135",135,135,2022-01-04,"07:01",1588,57,11,276,72,"",212,64,4,1535,135,FALSE,"Tuesday"
"136",136,136,2022-01-04,"21:01",1869,76,9,130,94,"Blatantly stolen",102,27,9,1855,136,FALSE,"Tuesday"
"137",137,137,2022-01-05,"10:01",1690,81,12,163,94,"",114,36,1,1615,137,FALSE,"Wednesday"
"138",138,138,2022-01-05,"22:01",1437,58,6,112,64,"",67,45,0,1384,138,FALSE,"Wednesday"
"139",139,139,2022-01-05,"23:01",924,19,2,16,21,"",9,7,0,917,139,FALSE,"Wednesday"
"140",140,140,2022-01-06,"10:01",988,24,0,20,27,"From now on, gonna refer to cooking as ""Predigesting"" in order to focus on the nutritional aspect and educate folks about human evolution. üò§",20,NA,3,967,140,TRUE,"Thursday"
"141",141,141,2022-01-07,"10:01",1553,45,3,193,53,"O.C. 

Actually this is a subject of some debate, because although Freud had read Darwin and is known to have referred to him in some of his letters and writings, it's possible that he was really more compelled by what we'd refer to as ""Proto-Darwinist"" thought, including such concepts as phylogeny. I, Gymmin, feel compelled to admit my relative ignorance on the topic.

However, the harmony of the evolutionary and psychoanalytic views is the concept of the human mind as being a reaction to the environment which it developed in, including on the long term of the development of the human species.",81,112,5,1495,141,TRUE,"Friday"
"142",142,142,2022-01-07,"15:01",1122,35,6,30,41,"Reminder",18,12,0,1090,142,FALSE,"Friday"
"143",143,143,2022-01-07,"20:01",2282,136,24,49,162,"OC
Eukaryosis was a mistake.",28,21,2,2178,143,TRUE,"Friday"
"144",144,144,2022-01-07,"23:01",1547,44,3,235,48,"",108,127,1,1497,144,FALSE,"Friday"
"145",145,145,2022-01-07,"23:01",1684,86,11,96,97,"",58,38,0,1586,145,FALSE,"Friday"
"146",146,146,2022-01-08,"09:01",1462,112,17,93,129,"",43,50,0,1426,146,FALSE,"Saturday"
"147",147,147,2022-01-08,"14:01",1892,27,4,188,35,"Autobiographical O.C.",67,121,4,1828,147,TRUE,"Saturday"
"148",148,148,2022-01-08,"23:01",1790,77,11,37,90,"",26,11,2,1768,148,FALSE,"Saturday"
"149",149,149,2022-01-09,"17:01",1195,43,3,61,48,"",47,14,2,1145,149,FALSE,"Sunday"
"150",150,150,2022-01-10,"19:01",1370,25,1,38,30,"OC",32,6,4,1316,150,TRUE,"Monday"
"151",151,151,2022-01-11,"11:01",540,6,1,19,7,"",8,8,0,508,151,FALSE,"Tuesday"
"152",152,152,2022-01-11,"22:01",1865,116,13,138,133,"",101,37,4,1825,152,FALSE,"Tuesday"
"153",153,153,2022-01-12,"08:01",739,20,2,9,22,"",2,7,0,704,153,FALSE,"Wednesday"
"154",154,154,2022-01-12,"14:01",1021,13,2,17,15,"Ngl The King in Yellow is better than like 95% of Lovecraft",12,5,0,979,154,FALSE,"Wednesday"
"155",155,155,2022-01-13,"12:01",725,44,4,98,49,"",67,28,1,711,155,FALSE,"Thursday"
"156",156,156,2022-01-13,"12:01",901,25,2,15,27,"",7,8,0,872,156,FALSE,"Thursday"
"157",157,157,2022-01-13,"15:01",810,19,0,18,20,"Admin pic
Felt cute might delete later",13,5,1,791,157,FALSE,"Thursday"
"158",158,158,2022-01-13,"17:01",728,23,2,57,26,"",26,31,1,697,158,FALSE,"Thursday"
"159",159,159,2022-01-13,"22:01",1642,103,12,113,117,"",73,40,2,1578,159,FALSE,"Thursday"
"160",160,160,2022-01-14,"21:01",1709,90,7,146,104,"",105,41,7,1684,160,FALSE,"Friday"
"161",161,161,2022-01-15,"19:01",666,26,2,29,28,"",19,10,0,635,161,FALSE,"Saturday"
"162",162,162,2022-01-16,"07:01",1737,71,7,285,81,"",144,141,3,1666,162,FALSE,"Sunday"
"163",163,163,2022-01-16,"08:01",1544,68,5,257,79,"",178,79,6,1485,163,FALSE,"Sunday"
"164",164,164,2022-01-16,"19:01",478,21,1,17,23,"Before y'all get mad, remember they're both Bri'ish and therefore equally subhuman
OC",16,1,1,440,164,TRUE,"Sunday"
"165",165,165,2022-01-17,"16:01",4298,101,16,192,119,"",150,42,2,4120,165,FALSE,"Monday"
"166",166,166,2022-01-17,"20:01",922,18,1,47,19,"",21,26,0,876,166,FALSE,"Monday"
"167",167,167,2022-01-18,"08:01",1030,19,4,85,24,"",47,38,1,992,167,FALSE,"Tuesday"
"168",168,168,2022-01-18,"18:01",748,44,5,32,49,"",24,8,0,726,168,FALSE,"Tuesday"
"169",169,169,2022-01-18,"18:01",654,13,1,16,15,"",10,6,1,607,169,FALSE,"Tuesday"
"170",170,170,2022-01-19,"07:01",1125,30,0,170,30,"",60,110,0,1086,170,FALSE,"Wednesday"
"171",171,171,2022-01-19,"11:01",860,13,0,12,13,"",10,2,0,823,171,FALSE,"Wednesday"
"172",172,172,2022-01-19,"21:01",1256,41,6,76,50,"",42,34,3,1242,172,FALSE,"Wednesday"
"173",173,173,2022-01-19,"22:01",881,16,5,59,21,"I will keep posting Disco Elysium until the other admins play it",27,32,0,857,173,FALSE,"Wednesday"
"174",174,174,2022-01-20,"10:01",748,16,2,26,18,"",16,10,0,692,174,FALSE,"Thursday"
"175",175,175,2022-01-20,"10:01",800,18,1,32,19,"",8,24,0,772,175,FALSE,"Thursday"
"176",176,176,2022-01-20,"18:01",1447,55,5,121,60,"",55,66,0,1376,176,FALSE,"Thursday"
"177",177,177,2022-01-22,"09:01",905,64,1,108,67,"",70,38,2,854,177,FALSE,"Saturday"
"178",178,178,2022-01-22,"22:01",1006,26,0,44,26,"",21,23,0,972,178,FALSE,"Saturday"
"179",179,179,2022-01-23,"09:01",1557,41,4,201,47,"",85,116,2,1497,179,FALSE,"Sunday"
"180",180,180,2022-01-23,"12:01",1648,80,5,76,89,"",58,18,4,1630,180,FALSE,"Sunday"
"181",181,181,2022-01-24,"07:01",711,9,0,25,10,"",17,8,1,679,181,FALSE,"Monday"
"182",182,182,2022-01-24,"08:01",533,39,4,11,45,"Rise and Grind, Kings. Those hoe's aint gonna scare themselves. üò§üò§üí™",11,NA,2,499,182,FALSE,"Monday"
"183",183,183,2022-01-24,"08:01",1054,37,4,56,43,"",43,13,2,1014,183,FALSE,"Monday"
"184",184,184,2022-01-24,"19:01",1510,97,7,115,105,"",83,32,1,1468,184,FALSE,"Monday"
"185",185,185,2022-01-24,"22:01",652,26,2,7,28,"",4,3,0,613,185,FALSE,"Monday"
"186",186,186,2022-01-25,"11:01",1347,70,9,70,79,"Bad fishe. No evolve. Only swimme.",34,36,0,1303,186,FALSE,"Tuesday"
"187",187,187,2022-01-26,"07:01",933,34,3,54,39,"",38,16,2,907,187,FALSE,"Wednesday"
"188",188,188,2022-01-26,"20:01",1844,70,9,392,80,"",168,224,1,1823,188,FALSE,"Wednesday"
"189",189,189,2022-01-26,"22:01",906,19,0,16,19,"A monument to all my sins",11,5,0,869,189,FALSE,"Wednesday"
"190",190,190,2022-01-26,"23:01",1470,60,5,81,67,"",53,28,2,1452,190,FALSE,"Wednesday"
"191",191,191,2022-01-27,"10:01",1653,102,8,136,111,"Stoicism hours",60,76,1,1641,191,FALSE,"Thursday"
"192",192,192,2022-01-27,"13:01",1900,68,8,253,78,"",171,82,2,1830,192,FALSE,"Thursday"
"193",193,193,2022-01-27,"17:01",1032,43,6,62,50,"",50,12,1,972,193,FALSE,"Thursday"
"194",194,194,2022-01-28,"10:01",800,3,0,8,3,"",2,6,0,766,194,FALSE,"Friday"
"195",195,195,2022-01-28,"12:01",782,24,3,14,31,"",8,6,4,740,195,FALSE,"Friday"
"196",196,196,2022-01-28,"17:01",3710,80,9,159,98,"Go ahead Deleuzians explain what I got wrong (seriously though)",128,31,9,3624,196,FALSE,"Friday"
"197",197,197,2022-01-28,"17:01",1423,35,4,113,39,"",79,34,0,1353,197,FALSE,"Friday"
"198",198,198,2022-01-28,"19:01",1348,49,2,58,52,"",43,15,1,1305,198,FALSE,"Friday"
"199",199,199,2022-01-29,"11:01",1006,26,2,36,28,"",24,12,0,956,199,FALSE,"Saturday"
"200",200,200,2022-01-30,"18:01",2296,81,11,88,99,"",70,18,7,2096,200,FALSE,"Sunday"
"201",201,201,2022-01-30,"21:01",1186,14,1,22,15,"",15,6,0,1115,201,FALSE,"Sunday"
"202",202,202,2022-01-31,"11:01",4987,132,41,336,181,"I will not elaborate on this O.C.",172,164,8,4734,202,TRUE,"Monday"
"203",203,203,2022-01-31,"17:01",1299,13,0,140,13,"",59,81,0,1251,203,FALSE,"Monday"
"204",204,204,2022-02-01,"08:02",1579,64,8,61,79,"",51,10,7,1545,204,FALSE,"Tuesday"
"205",205,205,2022-02-01,"13:02",1138,27,5,47,35,"",29,18,3,1078,205,FALSE,"Tuesday"
"206",206,206,2022-02-02,"07:02",1593,86,5,86,94,"",59,27,3,1554,206,FALSE,"Wednesday"
"207",207,207,2022-02-02,"08:02",3506,124,28,161,156,"",66,95,4,3284,207,FALSE,"Wednesday"
"208",208,208,2022-02-02,"12:02",1753,41,9,166,53,"O.C.

 
 
Here's a bit of an explanation for those who have interest.
In ""Modern Man In Search of A Soul,"" Jung describes the confessional as a societal precursor of psychoanalysis. According to his view, confession is the first step in the psychoanalytic process - and a cause of great relief. He thinks that anything which we feel the need to keep secret from others becomes like an alienating sin to us. Confession undoes that alienation- it's the reestablishment of appropriate relationship. A person can feel accepted because they confess. 

Upon closer examination, confession plays an important roll in more than just the healing process of therapy- it's necessary to enter a romantic relationship, or to make amends with a person who has been offended. Confession also occurs on a larger social scale, celebrities feel compelled to confess to the public whenever the tides of public opinion turn against them. Confession also plays an interesting role in cult psychology and the psychology of reeducation and prison camps.

In all cases, the goal of confession is the establishment or reestablishment of a relationship, and the thereby alleviation of a sense of alienation.",51,115,3,1630,208,TRUE,"Wednesday"
"209",209,209,2022-02-02,"20:02",1344,20,0,136,20,"Do the worst two sitcoms have buddha-nature?",80,56,0,1284,209,FALSE,"Wednesday"
"210",210,210,2022-02-03,"08:02",1283,35,7,58,43,"",28,30,1,1240,210,FALSE,"Thursday"
"211",211,211,2022-02-03,"11:02",864,22,2,15,24,"No mom, I'm not a hypochondriac- it's called being a Sickma Male",15,NA,0,776,211,TRUE,"Thursday"
"212",212,212,2022-02-03,"13:02",1465,44,4,131,48,"XKCD becoming a schizo page? Finally.",50,81,0,1424,212,FALSE,"Thursday"
"213",213,213,2022-02-03,"23:02",1132,47,2,50,51,"",27,23,2,1088,213,FALSE,"Thursday"
"214",214,214,2022-02-04,"09:02",685,29,3,11,32,"",6,5,0,657,214,FALSE,"Friday"
"215",215,215,2022-02-04,"19:02",1210,21,2,52,23,"",29,23,0,1154,215,FALSE,"Friday"
"216",216,216,2022-02-04,"19:02",1641,69,5,89,76,"OC",68,21,2,1560,216,TRUE,"Friday"
"217",217,217,2022-02-04,"23:02",1017,18,1,51,19,"I love this painting. Used to be my wallpaper for a while. It's like a reverse Ozymandias.",20,31,0,992,217,FALSE,"Friday"
"218",218,218,2022-02-04,"23:02",1078,38,7,45,45,"",17,27,0,1056,218,FALSE,"Friday"
"219",219,219,2022-02-05,"10:02",766,19,0,40,19,"Get on the sigmarsson grindset",4,NA,0,743,219,FALSE,"Saturday"
"220",220,220,2022-02-05,"19:02",1655,66,8,36,80,"OC",26,10,6,1593,220,TRUE,"Saturday"
"221",221,221,2022-02-06,"16:02",434,11,1,25,12,"",9,16,0,398,221,FALSE,"Sunday"
"222",222,222,2022-02-06,"16:02",1334,51,4,72,55,"",52,20,0,1279,222,FALSE,"Sunday"
"223",223,223,2022-02-06,"19:02",13410,603,85,477,707,"OC",359,118,19,12777,223,TRUE,"Sunday"
"224",224,224,2022-02-06,"19:02",1415,35,5,82,42,"",61,21,2,1335,224,FALSE,"Sunday"
"225",225,225,2022-02-06,"23:02",793,23,2,11,25,"",3,8,0,766,225,FALSE,"Sunday"
"226",226,226,2022-01-01,"13:01",1046,15,3,70,19,"OC. Source: The first essay in ""Other Minds,"" by John Wisdom

Why is analytic philosophy like this?",29,41,1,1005,226,TRUE,"Saturday"
"227",227,227,2022-04-19,"17:04",1361,30,1,176,31,"",51,125,0,1282,227,FALSE,"Tuesday"
"228",228,228,2022-04-21,"08:04",1684,22,3,210,26,"",52,158,1,1623,228,FALSE,"Thursday"
"229",229,229,2022-04-21,"14:04",1304,42,7,84,52,"",77,7,3,1288,229,FALSE,"Thursday"
"230",230,230,2022-04-22,"17:04",1929,62,7,153,71,"",117,36,2,1887,230,FALSE,"Friday"
"231",231,231,2022-04-22,"22:04",2894,28,2,516,39,"I'm a 6",317,199,9,2784,231,FALSE,"Friday"
"232",232,232,2022-04-23,"13:04",2009,58,3,120,62,"",103,17,1,1935,232,FALSE,"Saturday"
"233",233,233,2022-04-24,"02:04",1234,14,3,35,17,"",16,19,0,1168,233,FALSE,"Sunday"
"234",234,234,2022-04-24,"20:04",2050,61,15,244,85,"",143,101,9,1860,234,FALSE,"Sunday"
"235",235,235,2022-04-25,"18:04",2835,149,17,315,170,"",249,66,4,2719,235,FALSE,"Monday"
"236",236,236,2022-04-26,"11:04",1205,19,3,7,22,"Timely repost",4,3,0,1129,236,FALSE,"Tuesday"
"237",237,237,2022-04-26,"17:04",887,7,2,8,10,"""A wonderful musical experience simulating the imaginative life of an NPC from Disney Studios.""",NA,8,1,810,237,FALSE,"Tuesday"
"238",238,238,2022-04-26,"18:04",2861,107,32,225,142,"",142,83,3,2776,238,FALSE,"Tuesday"
"239",239,239,2022-04-27,"23:04",1884,56,5,115,69,"",103,12,8,1763,239,FALSE,"Wednesday"
"240",240,240,2022-04-30,"09:04",4054,156,19,181,179,"",125,56,4,3941,240,FALSE,"Saturday"
"241",241,241,2022-04-30,"15:04",1487,28,1,69,30,"",49,20,1,1416,241,FALSE,"Saturday"
"242",242,242,2022-05-01,"01:05",1727,34,2,76,39,"bugge",51,25,3,1666,242,FALSE,"Sunday"
"243",243,243,2022-05-02,"05:05",1001,13,2,14,15,"Easter? I hardly even know 'er!
OC",9,5,0,931,243,TRUE,"Monday"
"244",244,244,2022-05-02,"08:05",2562,77,13,237,91,"",174,63,1,2460,244,FALSE,"Monday"
"245",245,245,2022-05-02,"15:05",895,20,2,101,22,"",75,26,0,823,245,FALSE,"Monday"
"246",246,246,2022-05-03,"11:05",2345,52,15,148,68,"",90,58,1,2228,246,FALSE,"Tuesday"
"247",247,247,2022-05-03,"23:05",2557,109,19,147,132,"",115,32,4,2418,247,FALSE,"Tuesday"
"248",248,248,2022-05-08,"15:05",1628,26,6,73,32,"",50,23,0,1520,248,FALSE,"Sunday"
"249",249,249,2022-05-08,"17:05",2045,26,2,142,29,"",109,33,1,1961,249,FALSE,"Sunday"
"250",250,250,2022-05-10,"08:05",2479,99,13,164,113,"",92,72,1,2379,250,FALSE,"Tuesday"
"251",251,251,2022-05-10,"14:05",1073,22,3,8,25,"OC.",2,6,0,1018,251,TRUE,"Tuesday"
"252",252,252,2022-05-11,"07:05",1324,34,0,150,34,"",150,NA,0,1312,252,FALSE,"Wednesday"
"253",253,253,2022-05-11,"16:05",4286,94,7,358,103,"Long meme.",134,224,2,3996,253,FALSE,"Wednesday"
"254",254,254,2022-05-12,"09:05",3079,118,11,604,129,"",337,267,0,3032,254,FALSE,"Thursday"
"255",255,255,2022-05-12,"09:05",2254,77,15,58,94,"Shamelessly stolen",33,25,2,2149,255,FALSE,"Thursday"
"256",256,256,2022-05-12,"21:05",1702,40,6,128,48,"",94,30,2,1634,256,FALSE,"Thursday"
"257",257,257,2022-05-12,"22:05",7243,209,40,306,257,"OC",193,113,8,6829,257,TRUE,"Thursday"
"258",258,258,2022-05-13,"07:05",1093,32,7,52,41,"OC",38,14,2,1028,258,TRUE,"Friday"
"259",259,259,2022-05-13,"18:05",2642,84,10,282,96,"",229,53,2,2577,259,FALSE,"Friday"
"260",260,260,2022-05-13,"21:05",3490,114,9,586,131,"",200,386,8,3365,260,FALSE,"Friday"
"261",261,261,2022-05-14,"08:05",30750,460,112,991,586,"This book got hands tbh",655,336,14,29827,261,FALSE,"Saturday"
"262",262,262,2022-05-15,"15:05",3626,134,19,376,165,"",237,139,12,3560,262,FALSE,"Sunday"
"263",263,263,2022-05-15,"22:05",1391,48,4,59,54,"",26,NA,2,1341,263,FALSE,"Sunday"
"264",264,264,2022-05-17,"07:05",2548,102,12,189,116,"",133,56,2,2470,264,FALSE,"Tuesday"
"265",265,265,2022-05-17,"08:05",1195,18,3,77,21,"",42,35,0,1145,265,FALSE,"Tuesday"
"266",266,266,2022-05-17,"17:05",1616,14,0,93,16,"This post has caused a certain someone to spin in his grave",74,19,2,1533,266,FALSE,"Tuesday"
"267",267,267,2022-05-17,"21:05",805,3,0,26,3,"",18,8,0,759,267,FALSE,"Tuesday"
"268",268,268,2022-05-18,"13:05",3793,119,12,126,144,"ATTENTION ‚òùÔ∏èGYMüèãÔ∏è‚Äç‚ôÇÔ∏è LADIES‚ôÄÔ∏è: IMPORTANT‚úî SERVICE üö©ANNOUNCEMENT!‚¨áÔ∏è 

IF you see a buffüí™ MAN‚ôÇÔ∏è in the GYMüèØ lifting WEIGHTSüèãÔ∏è‚Äç‚ôÇÔ∏è and he SMILES üòäin your DIRECTION‚è≠

IT DOES NOTüö´‚ùå‚úñ‚ùé meanü§î that he is interestedüòç in YOUüë∞

HEüë®‚Äçüíº is PROBABLY ‚úîjust thinking about his FOUCAULTüèõ x NIETZCHüë® TIME Travelüï¢ Fan-Fictionüë¨

(Foucault goes back in time and teaches nietzche the true meaning of love and truth and power relations and nietzche doesn't get syphilis and becomes a stoner who likes MCR instead)",126,NA,13,3666,268,TRUE,"Wednesday"
"269",269,269,2022-05-18,"17:05",1408,24,3,89,27,"",89,NA,0,1358,269,FALSE,"Wednesday"
"270",270,270,2022-05-18,"20:05",1512,43,9,90,54,"",62,28,2,1474,270,FALSE,"Wednesday"
"271",271,271,2022-05-19,"11:05",1961,100,14,216,116,"",170,46,2,1813,271,FALSE,"Thursday"
"272",272,272,2022-05-19,"21:05",1642,35,3,69,40,"",50,19,2,1569,272,FALSE,"Thursday"
"273",273,273,2022-05-20,"06:05",2127,62,13,83,75,"",42,41,0,2055,273,FALSE,"Friday"
"274",274,274,2022-05-20,"11:05",2316,30,6,217,36,"Medieval philosophy is the friends you make along the way (while cosplaying with foam swords or whatever it is you people do)",69,148,0,2222,274,FALSE,"Friday"
"275",275,275,2022-05-20,"11:05",1451,20,4,34,27,"Low hanging fruit semi autobiographical O.C.",22,12,3,1312,275,TRUE,"Friday"
"276",276,276,2022-05-21,"22:05",2058,74,16,82,91,"",47,35,1,1951,276,FALSE,"Saturday"
"277",277,277,2022-05-22,"08:05",2186,52,7,125,62,"",108,17,3,2074,277,FALSE,"Sunday"
"278",278,278,2022-05-22,"14:05",1567,29,5,50,34,"S(oc)iety",22,28,0,1480,278,TRUE,"Sunday"
"279",279,279,2022-05-22,"17:05",1865,21,5,77,26,"",36,41,0,1763,279,FALSE,"Sunday"
"280",280,280,2022-05-23,"15:05",990,15,4,51,19,"",24,27,0,940,280,FALSE,"Monday"
"281",281,281,2022-05-24,"09:05",12004,343,38,599,408,"",491,108,27,12004,281,FALSE,"Tuesday"
"282",282,282,2022-05-24,"15:05",2169,63,8,157,72,"",104,53,1,2082,282,FALSE,"Tuesday"
"283",283,283,2022-05-25,"13:05",1096,11,2,14,13,"They're just questions, Leon.",6,8,0,1049,283,FALSE,"Wednesday"
"284",284,284,2022-05-25,"21:05",1590,43,0,62,49,"This page has only one joke, which is the self-embodiment of physical perfection through psychological suffering.",62,NA,6,1537,284,FALSE,"Wednesday"
"285",285,285,2022-05-26,"08:05",2213,47,13,172,60,"",94,78,0,2161,285,FALSE,"Thursday"
"286",286,286,2022-05-26,"09:05",2318,79,9,116,94,"Madness and Civilization meme",87,29,6,2193,286,FALSE,"Thursday"
"287",287,287,2022-05-26,"17:05",1442,52,8,98,61,"",75,23,1,1355,287,FALSE,"Thursday"
"288",288,288,2022-05-27,"11:05",1582,35,6,98,43,"""We saw you from across the bar and really hate your vibe. Can you please stop ASSAULTING everyone with your dark energy?""",85,13,2,1518,288,FALSE,"Friday"
"289",289,289,2022-05-27,"14:05",2659,94,4,191,103,"",156,35,5,2577,289,FALSE,"Friday"
"290",290,290,2022-05-29,"09:05",2508,79,14,231,94,"",148,83,1,2379,290,FALSE,"Sunday"
"291",291,291,2022-05-29,"11:05",1933,41,8,80,49,"",55,25,0,1791,291,FALSE,"Sunday"
"292",292,292,2022-05-30,"09:05",1248,33,0,123,33,"",123,NA,0,1185,292,FALSE,"Monday"
"293",293,293,2022-05-30,"12:05",33649,752,92,853,882,"Toxic in the sense that trying to read it will give you a serious headache. 

O.C, but probably has been done before.",606,247,38,33649,293,TRUE,"Monday"
"294",294,294,2022-05-30,"14:05",2052,40,3,85,54,"I will accept you as a Brother regardless.",65,20,11,1959,294,FALSE,"Monday"
"295",295,295,2022-05-31,"19:05",4150,124,11,211,135,"Sorry for all the Foucault posting lmao",134,77,0,3961,295,FALSE,"Tuesday"
"296",296,296,2022-05-31,"23:05",2347,27,6,234,35,"",161,70,2,2196,296,FALSE,"Tuesday"
"297",297,297,2022-06-01,"13:06",2295,76,13,193,92,"",131,62,3,2141,297,FALSE,"Wednesday"
"298",298,298,2022-06-02,"07:06",2500,70,15,221,87,"",167,54,2,2332,298,FALSE,"Thursday"
"299",299,299,2022-06-02,"18:06",2737,82,12,120,102,"",94,26,8,2609,299,FALSE,"Thursday"
"300",300,300,2022-06-03,"10:06",3353,183,26,283,212,"",208,72,3,3150,300,FALSE,"Friday"
"301",301,301,2022-06-03,"11:06",1097,8,0,8,8,"Poor Execution O.C.
 ""The Vinegar Tasters"" but with Donald Duck, Mickey Mouse, and Goofy. Somebody should make a better version of this who can actually draw.

The vinegar tasters shows buddha, laozi, and confucius tasting from a pot of vinegar. 
Laozi sees it as sweet, the way daoists see the world as already perfect.
Buddha sees it as bitter, the way buddhists see life as full of suffering,
Confucius sees it as sour, the way they think humans are corrupt and need to be managed through social institutions and traditions.",5,3,0,1028,301,TRUE,"Friday"
"302",302,302,2022-06-04,"06:06",4949,129,21,551,200,"OC",496,55,50,4560,302,TRUE,"Saturday"
"303",303,303,2022-06-04,"15:06",2131,59,9,106,70,"",72,34,2,2006,303,FALSE,"Saturday"
"304",304,304,2022-06-04,"22:06",1762,82,12,78,95,"",52,26,1,1670,304,FALSE,"Saturday"
"305",305,305,2022-06-04,"22:06",2437,126,18,187,146,"",138,49,2,2228,305,FALSE,"Saturday"
"306",306,306,2022-06-05,"09:06",3071,85,13,361,100,"",214,147,2,2875,306,FALSE,"Sunday"
"307",307,307,2022-06-05,"12:06",2126,84,11,159,102,"Honestly this question has been the source of all the dialectical tension in my life lately",124,35,7,1905,307,FALSE,"Sunday"
"308",308,308,2022-06-06,"07:06",2616,82,19,185,109,"",148,37,8,2434,308,FALSE,"Monday"
"309",309,309,2022-06-06,"08:06",2002,35,5,105,42,"",85,20,2,1842,309,FALSE,"Monday"
"310",310,310,2022-06-07,"18:06",1985,41,8,99,49,"",62,37,0,1845,310,FALSE,"Tuesday"
"311",311,311,2022-06-07,"19:06",1420,32,8,37,42,"",25,12,2,1284,311,FALSE,"Tuesday"
"312",312,312,2022-06-08,"12:06",3253,96,14,228,123,"Stolen",171,57,13,3032,312,FALSE,"Wednesday"
"313",313,313,2022-06-09,"00:06",1303,20,2,28,22,"",22,6,0,1225,313,FALSE,"Thursday"
"314",314,314,2022-06-09,"10:06",719,5,0,0,5,"Cookie Clicker is basically about Jouissance.",NA,NA,0,672,314,FALSE,"Thursday"
"315",315,315,2022-06-10,"15:06",1264,30,7,130,37,"",72,58,0,1169,315,FALSE,"Friday"
"316",316,316,2022-06-10,"23:06",1112,23,2,14,25,"In case you haven't seen DUNE by now, this is basically it, you don't need to see it now.
O.C.",9,5,0,987,316,TRUE,"Friday"
"317",317,317,2022-06-11,"04:06",2198,85,11,108,99,"",86,22,3,2093,317,FALSE,"Saturday"
"318",318,318,2022-06-12,"13:06",1511,62,12,69,78,"Myth(O)poeti(C) homies where you at",60,9,4,1388,318,TRUE,"Sunday"
"319",319,319,2022-06-13,"07:06",3668,216,44,620,271,"",374,246,11,3488,319,FALSE,"Monday"
"320",320,320,2022-06-13,"08:06",947,29,0,96,30,"No-context spoiler for Cronenberg's new movie",96,NA,1,884,320,FALSE,"Monday"
"321",321,321,2022-06-13,"19:06",1709,36,2,86,38,"",66,20,0,1659,321,FALSE,"Monday"
"322",322,322,2022-06-14,"07:06",2006,41,9,191,51,"",109,82,1,1897,322,FALSE,"Tuesday"
"323",323,323,2022-06-14,"17:06",994,9,2,33,11,"",23,10,0,951,323,FALSE,"Tuesday"
"324",324,324,2022-06-16,"07:06",4408,195,37,194,246,"The memes make themselves these days",123,71,14,4165,324,FALSE,"Thursday"
"325",325,325,2022-06-16,"18:06",2700,83,17,237,104,"",106,131,4,2573,325,FALSE,"Thursday"
"326",326,326,2022-06-16,"18:06",8301,141,10,375,160,"Dang really looking forward to this.",316,59,9,8014,326,FALSE,"Thursday"
"327",327,327,2022-06-17,"10:06",1697,21,2,86,27,"",51,35,4,1615,327,FALSE,"Friday"
"328",328,328,2022-06-17,"13:06",10481,373,49,679,461,"Red book OC",558,121,39,10146,328,TRUE,"Friday"
"329",329,329,2022-06-17,"14:06",1162,27,6,9,33,"The secret to getting gains is living in harmony with the Wu Whey",9,NA,0,1105,329,FALSE,"Friday"
"330",330,330,2022-06-18,"00:06",1501,29,3,84,34,"",54,30,2,1440,330,FALSE,"Saturday"
"331",331,331,2022-06-18,"16:06",1575,11,1,16,12,"OC",9,7,0,1562,331,TRUE,"Saturday"
"332",332,332,2022-06-19,"19:06",2219,96,20,88,121,"",36,52,5,2144,332,FALSE,"Sunday"
"333",333,333,2022-06-19,"19:06",3009,115,23,273,140,"",227,46,2,2815,333,FALSE,"Sunday"
"334",334,334,2022-06-20,"17:06",1220,10,1,25,11,"",19,6,0,1157,334,FALSE,"Monday"
"335",335,335,2022-06-20,"21:06",2283,103,12,148,125,"Goodnight Bros, and don't forget that sleep is important to build muscles and also have dreams.",125,23,10,2093,335,FALSE,"Monday"
"336",336,336,2022-06-21,"07:06",1391,17,2,33,19,"",24,9,0,1326,336,FALSE,"Tuesday"
"337",337,337,2022-06-23,"08:06",1615,28,2,70,30,"Us",42,28,0,1520,337,FALSE,"Thursday"
"338",338,338,2022-06-23,"10:06",3035,126,25,251,156,"",183,68,5,2880,338,FALSE,"Thursday"
"339",339,339,2022-06-24,"23:06",1288,27,0,158,27,"",158,NA,0,1211,339,FALSE,"Friday"
"340",340,340,2022-06-25,"09:06",2153,64,8,102,75,"",76,26,3,1985,340,FALSE,"Saturday"
"341",341,341,2022-06-25,"16:06",1106,35,0,96,36,"",96,NA,1,1019,341,FALSE,"Saturday"
"342",342,342,2022-06-26,"14:06",1131,10,0,23,11,"",13,10,1,1054,342,FALSE,"Sunday"
"343",343,343,2022-06-26,"14:06",1775,15,2,92,18,"Gotta love The Incal",47,45,1,1688,343,FALSE,"Sunday"
"344",344,344,2022-06-26,"21:06",1506,19,5,68,24,"",44,24,0,1422,344,FALSE,"Sunday"
"345",345,345,2022-06-26,"21:06",477,12,3,23,15,"",16,7,0,441,345,FALSE,"Sunday"
"346",346,346,2022-06-27,"07:06",2129,79,7,186,87,"",131,55,1,2041,346,FALSE,"Monday"
"347",347,347,2022-06-27,"13:06",1289,44,4,13,48,"You can't feel cognitive dissonance if you don't cognate. 
#Gymspiration",13,NA,0,1234,347,FALSE,"Monday"
"348",348,348,2022-06-28,"13:06",1942,85,8,141,95,"Psycho-analyst moment",100,41,2,1855,348,FALSE,"Tuesday"
"349",349,349,2022-06-28,"15:06",2370,25,5,63,30,"OC",29,34,0,2196,349,TRUE,"Tuesday"
"350",350,350,2022-06-29,"18:06",1392,36,4,78,41,"All must serve the cycle",63,15,1,1339,350,FALSE,"Wednesday"
"351",351,351,2022-06-29,"18:06",772,27,4,83,32,"",61,22,1,724,351,FALSE,"Wednesday"
"352",352,352,2022-06-29,"18:06",690,0,1,43,1,"",15,28,0,632,352,FALSE,"Wednesday"
"353",353,353,2022-06-30,"09:06",3032,116,14,255,136,"",191,64,6,3010,353,FALSE,"Thursday"
"354",354,354,2022-04-18,"20:04",1078,10,2,19,14,"",15,4,2,1028,354,FALSE,"Monday"
"355",355,355,2022-04-03,"14:04",1400,41,8,72,49,"",35,34,0,1378,355,FALSE,"Sunday"
"356",356,356,2022-04-03,"19:04",2832,99,13,93,120,"",74,18,8,2776,356,FALSE,"Sunday"
"357",357,357,2022-04-04,"14:04",2193,79,6,157,87,"",102,55,2,2135,357,FALSE,"Monday"
"358",358,358,2022-04-04,"21:04",1859,33,1,213,34,"An O.K. for you
Original Koan.",45,168,0,1758,358,FALSE,"Monday"
"359",359,359,2022-04-04,"23:04",917,38,4,27,42,"",11,16,0,858,359,FALSE,"Monday"
"360",360,360,2022-04-05,"08:04",1523,41,2,55,44,"",43,12,1,1476,360,FALSE,"Tuesday"
"361",361,361,2022-04-05,"13:04",1775,18,0,153,18,"So there *is* a CEO of racism",42,111,0,1718,361,FALSE,"Tuesday"
"362",362,362,2022-04-06,"07:04",929,11,2,20,14,"",17,3,1,884,362,FALSE,"Wednesday"
"363",363,363,2022-04-06,"09:04",2353,97,17,167,120,"",117,50,6,2282,363,FALSE,"Wednesday"
"364",364,364,2022-04-06,"16:04",1084,17,1,44,18,"",31,13,0,1023,364,FALSE,"Wednesday"
"365",365,365,2022-04-06,"20:04",1784,44,11,93,55,"",32,61,0,1728,365,FALSE,"Wednesday"
"366",366,366,2022-04-07,"08:04",2092,85,9,219,97,"",173,46,3,2009,366,FALSE,"Thursday"
"367",367,367,2022-04-07,"18:04",2324,87,14,246,103,"",168,78,2,2240,367,FALSE,"Thursday"
"368",368,368,2022-04-09,"14:04",2082,86,7,135,95,"",89,46,2,1980,368,FALSE,"Saturday"
"369",369,369,2022-04-09,"19:04",1250,52,6,144,68,"",129,15,10,1187,369,FALSE,"Saturday"
"370",370,370,2022-04-10,"08:04",1228,27,1,47,28,"",34,13,0,1184,370,FALSE,"Sunday"
"371",371,371,2022-04-10,"11:04",2431,76,6,248,88,"",178,70,6,2363,371,FALSE,"Sunday"
"372",372,372,2022-04-11,"09:04",2382,107,25,153,134,"",92,61,2,2344,372,FALSE,"Monday"
"373",373,373,2022-04-11,"23:04",1384,51,10,80,61,"",57,23,0,1358,373,FALSE,"Monday"
"374",374,374,2022-04-12,"12:04",4524,120,17,173,137,"OC",131,42,0,4460,374,TRUE,"Tuesday"
"375",375,375,2022-04-12,"15:04",1440,30,2,48,32,"",30,18,0,1402,375,FALSE,"Tuesday"
"376",376,376,2022-04-12,"21:04",1570,92,15,92,107,"",53,39,0,1514,376,FALSE,"Tuesday"
"377",377,377,2022-04-13,"09:04",961,51,7,31,58,"",16,15,0,912,377,FALSE,"Wednesday"
"378",378,378,2022-04-13,"16:04",1596,54,3,278,62,"I went to two universities. One was somewhat high-ranked and private. The other was all but a community college. Guess which one was more like this.",205,73,5,1560,378,FALSE,"Wednesday"
"379",379,379,2022-04-13,"19:04",1237,16,3,45,19,"",32,13,0,1189,379,FALSE,"Wednesday"
"380",380,380,2022-04-14,"00:04",696,9,0,52,9,"",52,NA,0,640,380,FALSE,"Thursday"
"381",381,381,2022-04-14,"23:04",1355,22,3,30,25,"No one named Jason has Buddha nature.
I will not elaborate.",22,8,0,1343,381,FALSE,"Thursday"
"382",382,382,2022-04-15,"15:04",934,17,0,25,17,"",20,5,0,898,382,FALSE,"Friday"
"383",383,383,2022-04-16,"09:04",1033,21,3,87,25,"",64,23,1,1000,383,FALSE,"Saturday"
"384",384,384,2022-04-16,"10:04",1528,38,5,60,43,"",31,29,0,1472,384,FALSE,"Saturday"
"385",385,385,2022-04-16,"10:04",1637,85,12,97,97,"",45,52,0,1575,385,FALSE,"Saturday"
"386",386,386,2022-04-16,"18:04",736,46,1,16,47,"Grading freshmen essays got a gym bro acting strange...",12,4,0,702,386,FALSE,"Saturday"
"387",387,387,2022-04-17,"18:04",767,18,0,57,21,"Best Spanish artist. A certain overrated Malague√±o can piss off.

Bonus points if you know which of these was not technically painted by Goya.

Good song too.",57,NA,3,733,387,FALSE,"Sunday"
"388",388,388,2022-04-18,"11:04",1068,15,2,27,17,"",14,13,0,1053,388,FALSE,"Monday"
"389",389,389,2022-04-18,"14:04",1319,25,1,39,26,"",31,8,0,1288,389,FALSE,"Monday"
"390",390,390,2022-04-01,"20:04",2229,94,11,204,107,"",117,87,2,2113,390,FALSE,"Friday"
"391",391,391,2022-07-17,"23:07",1585,49,0,259,50,"",259,NA,1,1524,391,FALSE,"Sunday"
"392",392,392,2022-07-18,"17:07",2092,60,9,129,70,"",85,44,1,2036,392,FALSE,"Monday"
"393",393,393,2022-07-18,"18:07",777,6,1,34,7,"",5,NA,0,720,393,FALSE,"Monday"
"394",394,394,2022-07-19,"13:07",2798,66,9,214,76,"",116,98,1,2761,394,FALSE,"Tuesday"
"395",395,395,2022-07-19,"19:07",1591,33,9,68,42,"",29,39,0,1528,395,FALSE,"Tuesday"
"396",396,396,2022-07-20,"10:07",1114,26,0,71,29,"",71,NA,3,1069,396,FALSE,"Wednesday"
"397",397,397,2022-07-20,"21:07",659,6,1,36,10,"",19,NA,3,620,397,FALSE,"Wednesday"
"398",398,398,2022-07-21,"09:07",1690,43,7,84,51,"",72,12,1,1682,398,FALSE,"Thursday"
"399",399,399,2022-07-21,"11:07",1654,66,13,152,80,"",100,52,1,1608,399,FALSE,"Thursday"
"400",400,400,2022-07-21,"17:07",2543,52,8,144,61,"",62,82,1,2501,400,FALSE,"Thursday"
"401",401,401,2022-07-22,"11:07",1290,21,4,60,25,"",42,18,0,1225,401,FALSE,"Friday"
"402",402,402,2022-07-23,"07:07",2185,32,6,157,38,"",104,53,0,2181,402,FALSE,"Saturday"
"403",403,403,2022-07-23,"17:07",2109,35,11,105,46,"",57,48,0,2038,403,FALSE,"Saturday"
"404",404,404,2022-07-23,"17:07",8549,238,36,678,317,"Drugs are safe, introspection and talking about your feelings isn't.

EDIT: We were thinking of the PORT (1998) guidelines, not the APA's.",593,85,43,8097,404,FALSE,"Saturday"
"405",405,405,2022-07-24,"09:07",2419,64,6,131,77,"",78,53,7,2282,405,FALSE,"Sunday"
"406",406,406,2022-07-24,"12:07",2023,27,6,72,33,"",40,32,0,1972,406,FALSE,"Sunday"
"407",407,407,2022-07-24,"12:07",2078,23,5,106,28,"Martin Loser lol
*Faiths hard, works harder*",44,62,0,2014,407,FALSE,"Sunday"
"408",408,408,2022-07-25,"09:07",2329,55,17,125,72,"",46,79,0,2273,408,FALSE,"Monday"
"409",409,409,2022-07-26,"12:07",2699,78,10,229,93,"",189,40,5,2641,409,FALSE,"Tuesday"
"410",410,410,2022-07-26,"15:07",10178,209,25,654,257,"",573,81,23,9755,410,FALSE,"Tuesday"
"411",411,411,2022-07-27,"07:07",1678,13,2,49,16,"",39,10,1,1621,411,FALSE,"Wednesday"
"412",412,412,2022-07-27,"18:07",1785,9,0,119,9,"",52,67,0,1693,412,FALSE,"Wednesday"
"413",413,413,2022-07-28,"11:07",1884,23,2,87,26,"",32,55,1,1877,413,FALSE,"Thursday"
"414",414,414,2022-07-30,"14:07",1486,12,4,45,16,"",33,12,0,1468,414,FALSE,"Saturday"
"415",415,415,2022-07-30,"17:07",2070,29,4,187,34,"",161,26,1,2049,415,FALSE,"Saturday"
"416",416,416,2022-07-31,"00:07",2079,50,9,85,60,"",53,32,1,2079,416,FALSE,"Sunday"
"417",417,417,2022-07-31,"11:07",1013,1,1,23,2,"",23,NA,0,967,417,FALSE,"Sunday"
"418",418,418,2022-07-31,"22:07",36241,713,137,1859,868,"OC",1367,492,18,35053,418,TRUE,"Sunday"
"419",419,419,2022-08-01,"15:08",1311,17,2,30,22,"How many scoops of pre-workout does it take to get out of an existential crisis? 
3.5, but it'll be back in 6 hours.",30,NA,3,1253,419,FALSE,"Monday"
"420",420,420,2022-08-01,"20:08",2187,38,10,70,49,"third (best) critique meme",45,25,1,2085,420,FALSE,"Monday"
"421",421,421,2022-08-03,"09:08",2515,135,34,245,170,"",178,67,1,2447,421,FALSE,"Wednesday"
"422",422,422,2022-08-03,"18:08",1804,35,3,73,39,"",61,12,1,1744,422,FALSE,"Wednesday"
"423",423,423,2022-08-04,"20:08",3629,72,18,157,98,"Guys, it's important that you learn how to be a RATIONAL person through Cognitive CBT therapy.
O.C.",89,68,8,3386,423,TRUE,"Thursday"
"424",424,424,2022-08-05,"13:08",1936,25,4,59,42,"Low effort meme expressing my minor enlightenment from meditation today.",53,6,13,1684,424,FALSE,"Friday"
"425",425,425,2022-08-07,"14:08",3418,78,9,524,91,"",424,100,4,3259,425,FALSE,"Sunday"
"426",426,426,2022-08-07,"15:08",1464,20,4,82,27,"We've been looking for america for a while now. Let us know if anyone finds it okay?",58,24,3,1360,426,FALSE,"Sunday"
"427",427,427,2022-08-08,"17:08",2703,113,17,133,134,"",102,31,4,2556,427,FALSE,"Monday"
"428",428,428,2022-08-09,"09:08",3051,61,14,416,75,"",184,232,0,2942,428,FALSE,"Tuesday"
"429",429,429,2022-08-10,"09:08",2418,26,6,158,35,"",90,68,3,2313,429,FALSE,"Wednesday"
"430",430,430,2022-08-10,"10:08",1308,16,0,116,17,"",97,19,1,1240,430,FALSE,"Wednesday"
"431",431,431,2022-08-10,"17:08",1971,22,2,148,25,"I'm dying. I need Disco Elysium memes to live. Please",100,48,1,1902,431,FALSE,"Wednesday"
"432",432,432,2022-08-11,"12:08",18485,610,67,1726,750,"",1434,292,73,17374,432,FALSE,"Thursday"
"433",433,433,2022-08-11,"12:08",3091,124,15,325,142,"",240,85,3,2942,433,FALSE,"Thursday"
"434",434,434,2022-08-12,"13:08",1476,27,4,25,31,"Freudmin just finished his intro to social work final and can now return to the abyss",17,8,0,1378,434,TRUE,"Friday"
"435",435,435,2022-08-13,"10:08",2277,23,0,103,25,"",53,50,2,2155,435,FALSE,"Saturday"
"436",436,436,2022-08-14,"13:08",3056,59,11,156,71,"",105,51,1,2963,436,FALSE,"Sunday"
"437",437,437,2022-08-14,"16:08",1999,47,9,81,56,"acSHUAlly, voting is the highest form of avant-garde nihilist performative meme art",49,31,0,1938,437,FALSE,"Sunday"
"438",438,438,2022-08-14,"22:08",2565,34,9,138,44,"",79,59,1,2477,438,FALSE,"Sunday"
"439",439,439,2022-08-15,"09:08",3604,93,19,284,115,"You will get these hands my friend",162,122,3,3504,439,FALSE,"Monday"
"440",440,440,2022-08-16,"10:08",2595,67,10,279,80,"",174,105,3,2454,440,FALSE,"Tuesday"
"441",441,441,2022-08-16,"11:08",1525,18,1,67,19,"",67,NA,0,1456,441,FALSE,"Tuesday"
"442",442,442,2022-08-16,"16:08",1725,26,5,172,31,"",24,148,0,1637,442,FALSE,"Tuesday"
"443",443,443,2022-08-16,"20:08",1862,35,9,142,46,"",53,89,2,1723,443,FALSE,"Tuesday"
"444",444,444,2022-08-16,"21:08",6655,77,27,278,105,"Sorry for the textwall. Source is Madness and Civilization, pp. 22-23.",81,197,1,6610,444,FALSE,"Tuesday"
"445",445,445,2022-08-17,"10:08",4237,178,26,708,213,"Found in the Archives",294,414,9,4090,445,FALSE,"Wednesday"
"446",446,446,2022-08-17,"13:08",136221,3701,538,20879,4962,"Alexa, play the faculty-scaring philosophy. OC",11843,9036,723,130003,446,TRUE,"Wednesday"
"447",447,447,2022-08-18,"13:08",1657,28,3,100,31,"",36,64,0,1580,447,FALSE,"Thursday"
"448",448,448,2022-08-18,"16:08",2928,107,19,482,129,"",147,335,3,2734,448,FALSE,"Thursday"
"449",449,449,2022-08-19,"20:08",1883,23,3,105,26,"",49,56,0,1799,449,FALSE,"Friday"
"450",450,450,2022-08-20,"21:08",2128,19,2,98,21,"",38,60,0,2063,450,FALSE,"Saturday"
"451",451,451,2022-08-22,"07:08",3796,137,21,357,168,"",184,173,10,3630,451,FALSE,"Monday"
"452",452,452,2022-08-22,"09:08",3303,38,3,496,47,"",228,267,6,3250,452,FALSE,"Monday"
"453",453,453,2022-08-23,"11:08",1249,16,1,65,17,"",42,23,0,1200,453,FALSE,"Tuesday"
"454",454,454,2022-08-24,"14:08",2005,43,8,216,59,"Oh look three different pictures of me",101,115,8,1910,454,FALSE,"Wednesday"
"455",455,455,2022-08-24,"17:08",2569,70,13,117,84,"",65,52,1,2504,455,FALSE,"Wednesday"
"456",456,456,2022-08-25,"05:08",2044,24,5,100,29,"Lacan?",53,47,0,1985,456,FALSE,"Thursday"
"457",457,457,2022-08-25,"22:08",3384,45,4,952,57,"I'm still bitter about this. There is an alternate timeline where the zombie fad ended with an actually good adaptation of this book and is maybe remembered somewhat fondly. Instead it ended with a truly mediocre adaptation of the Walking Dead comics and is a joke of a genre.",393,559,8,3279,457,TRUE,"Thursday"
"458",458,458,2022-08-26,"11:08",1951,30,3,83,33,"",28,55,0,1890,458,FALSE,"Friday"
"459",459,459,2022-08-27,"14:08",2536,46,7,319,55,"",174,145,2,2414,459,FALSE,"Saturday"
"460",460,460,2022-08-28,"14:08",3076,67,11,1000,82,"Damn straight. Other admins need not comment.",282,717,4,2980,460,FALSE,"Sunday"
"461",461,461,2022-08-30,"08:08",4298,180,21,619,206,"",329,290,5,4188,461,FALSE,"Tuesday"
"462",462,462,2022-08-30,"12:08",2332,46,4,140,51,"",69,71,1,2304,462,FALSE,"Tuesday"
"463",463,463,2022-08-30,"12:08",2320,59,12,158,72,"",96,62,1,2282,463,FALSE,"Tuesday"
"464",464,464,2022-08-30,"18:08",1736,45,9,55,55,"Was with my grandma and she asked me ""Have you heard of Gen Z? What's that?"" 
I didn't really know what to say.",25,30,1,1704,464,FALSE,"Tuesday"
"465",465,465,2022-08-31,"12:08",2036,21,4,75,25,"",33,42,0,1948,465,FALSE,"Wednesday"
"466",466,466,2022-08-31,"13:08",2013,34,2,146,37,"How do you do fellow KINGS?",86,60,1,1956,466,FALSE,"Wednesday"
"467",467,467,2022-08-31,"18:08",4087,125,14,208,149,"Anti philosophy philosopher gang rise up",135,73,10,3907,467,FALSE,"Wednesday"
"468",468,468,2022-09-01,"17:09",2575,44,9,166,54,"",83,83,1,2556,468,FALSE,"Thursday"
"469",469,469,2022-09-01,"18:09",1045,14,2,15,16,"Guys, I think I'm feeling Jews Ents. üò•",12,3,0,990,469,FALSE,"Thursday"
"470",470,470,2022-09-02,"09:09",4836,186,22,910,226,"",447,463,18,4674,470,FALSE,"Friday"
"471",471,471,2022-09-02,"12:09",1476,25,4,60,35,"OC. Enjoy responsibly",33,27,6,1400,471,TRUE,"Friday"
"472",472,472,2022-09-02,"14:09",2696,109,30,247,139,"",126,117,0,2570,472,FALSE,"Friday"
"473",473,473,2022-09-03,"06:09",1469,44,7,103,54,"M(O)re La(C)an memes",78,25,3,1412,473,TRUE,"Saturday"
"474",474,474,2022-09-03,"20:09",1946,36,2,117,42,"Uncle Ted, known among mathematicians for his work on so called ""Kazynski Convergence,"" 
O.C.",85,32,4,1907,474,TRUE,"Saturday"
"475",475,475,2022-09-04,"06:09",2498,13,0,497,21,"I was in the middle of taking a screenshot to make into a meme when this ad popped up and the meme literally made itself.
The 20-second flashbacks in Shadow of Mordor were literally a better adaptation than this.
OC",184,313,8,2344,475,TRUE,"Sunday"
"476",476,476,2022-09-04,"09:09",1365,39,5,60,45,"",60,NA,1,1314,476,FALSE,"Sunday"
"477",477,477,2022-09-04,"10:09",1797,12,0,65,13,"",29,32,1,1744,477,FALSE,"Sunday"
"478",478,478,2022-09-05,"05:09",2164,55,13,72,69,"OC",25,47,1,2085,478,TRUE,"Monday"
"479",479,479,2022-09-06,"18:09",2725,68,6,144,76,"Here's one for all you mathbros",77,67,2,2645,479,FALSE,"Tuesday"
"480",480,480,2022-09-07,"05:09",2406,53,9,58,62,"OC",25,33,0,2376,480,TRUE,"Wednesday"
"481",481,481,2022-09-07,"09:09",1967,33,5,59,38,"",59,NA,0,1860,481,FALSE,"Wednesday"
"482",482,482,2022-09-08,"12:09",13314,485,133,857,639,"",451,406,21,12465,482,FALSE,"Thursday"
"483",483,483,2022-09-09,"05:09",3531,41,6,1127,47,"OC",126,1001,0,3329,483,TRUE,"Friday"
"484",484,484,2022-09-09,"17:09",2685,87,18,85,105,"Jk jk... Unless?",20,65,0,2507,484,FALSE,"Friday"
"485",485,485,2022-09-10,"08:09",1797,24,2,60,26,"",18,42,0,1744,485,FALSE,"Saturday"
"486",486,486,2022-09-10,"11:09",3169,85,13,230,101,"",135,95,3,3041,486,FALSE,"Saturday"
"487",487,487,2022-09-10,"19:09",2659,51,11,205,65,"",77,125,3,2584,487,FALSE,"Saturday"
"488",488,488,2022-09-11,"07:09",4514,135,16,630,160,"""Do the reading? No bro, I just think like, deep thoughts all the time instead""",231,399,9,4332,488,FALSE,"Sunday"
"489",489,489,2022-09-11,"09:09",3876,38,8,897,48,"",176,721,2,3764,489,FALSE,"Sunday"
"490",490,490,2022-09-12,"08:09",3196,144,24,301,170,"No context O.C",163,138,2,3028,490,TRUE,"Monday"
"491",491,491,2022-09-12,"13:09",6587,253,42,666,328,"",277,389,33,6587,491,FALSE,"Monday"
"492",492,492,2022-09-13,"12:09",2536,47,16,164,63,"",63,101,0,2450,492,FALSE,"Tuesday"
"493",493,493,2022-09-14,"17:09",3762,139,15,453,157,"",290,163,3,3762,493,FALSE,"Wednesday"
"494",494,494,2022-09-17,"13:09",1371,21,2,68,23,"",43,25,0,1366,494,FALSE,"Saturday"
"495",495,495,2022-09-19,"13:09",4120,94,12,593,111,"",354,239,5,4075,495,FALSE,"Monday"
"496",496,496,2022-09-19,"14:09",1613,48,16,57,65,"New Semester Got me like..",21,36,1,1552,496,FALSE,"Monday"
"497",497,497,2022-09-19,"19:09",2517,81,8,173,96,"",83,90,7,2389,497,FALSE,"Monday"
"498",498,498,2022-09-20,"05:09",1078,32,5,30,37,"",7,23,0,1023,498,FALSE,"Tuesday"
"499",499,499,2022-09-20,"15:09",2043,29,3,108,32,"",42,66,0,1995,499,FALSE,"Tuesday"
"500",500,500,2022-09-21,"15:09",3047,55,15,370,73,"",105,265,3,2963,500,FALSE,"Wednesday"
"501",501,501,2022-09-22,"11:09",2598,51,4,234,55,"",69,165,0,2497,501,FALSE,"Thursday"
"502",502,502,2022-09-22,"11:09",1454,12,2,60,14,"Very nice colorization",16,44,0,1382,502,FALSE,"Thursday"
"503",503,503,2022-09-23,"16:09",2268,38,6,444,44,"",79,365,0,2255,503,FALSE,"Friday"
"504",504,504,2022-09-24,"15:09",1672,23,3,161,27,"",58,103,1,1615,504,FALSE,"Saturday"
"505",505,505,2022-09-25,"15:09",2082,40,3,117,44,"",55,62,1,2046,505,FALSE,"Sunday"
"506",506,506,2022-09-26,"15:09",4903,175,24,1513,204,"",319,1194,5,4891,506,FALSE,"Monday"
"507",507,507,2022-09-27,"15:09",1400,14,0,73,14,"",49,24,0,1358,507,FALSE,"Tuesday"
"508",508,508,2022-09-28,"13:09",1742,35,5,92,42,"",44,48,2,1732,508,FALSE,"Wednesday"
"509",509,509,2022-09-28,"14:09",1936,65,9,87,81,"I will not elaborate.",47,40,7,1818,509,FALSE,"Wednesday"
"510",510,510,2022-09-28,"20:09",3671,120,30,322,152,"",173,149,2,3595,510,FALSE,"Wednesday"
"511",511,511,2022-09-29,"07:09",833,3,1,24,5,"POV you are an individual with anxious attachment doing a theory of mind Test",14,10,1,791,511,FALSE,"Thursday"
"512",512,512,2022-09-29,"08:09",1324,39,4,55,44,"",39,16,1,1307,512,FALSE,"Thursday"
"513",513,513,2022-09-29,"10:09",2573,36,6,201,42,"",93,108,0,2573,513,FALSE,"Thursday"
"514",514,514,2022-09-29,"19:09",25394,772,251,6085,1060,"",987,5098,37,25120,514,FALSE,"Thursday"
"515",515,515,2022-09-30,"12:09",2937,62,6,227,69,"",107,120,1,2871,515,FALSE,"Friday"
"516",516,516,2022-09-30,"16:09",1003,16,3,21,19,"Recently, some Japanese engineers decided to try putting googly eyes on self driving cars to see if it improved the way that they interacted with people.

An unintentional side-effect, the cars look anxious AF.",5,16,0,977,516,FALSE,"Friday"
"517",517,517,2022-09-30,"18:09",1334,19,8,50,28,"",25,25,1,1320,517,FALSE,"Friday"
"518",518,518,2022-07-17,"15:07",1227,34,5,79,42,"",52,27,3,1148,518,FALSE,"Sunday"
"519",519,519,2022-07-01,"11:07",3229,116,13,208,141,"Ethics minors seething",189,19,12,2976,519,FALSE,"Friday"
"520",520,520,2022-07-01,"16:07",1404,17,5,49,28,"Master Chief's romantic attachment to Cortana is both Oedipal- because she was made to look like his surrogate mother, and incestuous, because Cortana is herself the 'Daughter' of Master Chief's 'Mother', and thus his sister.",49,NA,6,1341,520,FALSE,"Friday"
"521",521,521,2022-07-02,"18:07",2661,101,24,143,127,"",88,55,2,2577,521,FALSE,"Saturday"
"522",522,522,2022-07-03,"16:07",1182,26,4,41,30,"",29,12,0,1127,522,FALSE,"Sunday"
"523",523,523,2022-07-03,"20:07",1639,33,6,82,39,"",38,44,0,1547,523,FALSE,"Sunday"
"524",524,524,2022-07-04,"19:07",2320,15,3,290,20,"Funk Valhalla",97,193,2,2193,524,FALSE,"Monday"
"525",525,525,2022-07-04,"19:07",1526,18,1,115,20,"",78,37,1,1468,525,FALSE,"Monday"
"526",526,526,2022-07-05,"07:07",1346,14,1,82,15,"",33,49,0,1318,526,FALSE,"Tuesday"
"527",527,527,2022-07-05,"14:07",1937,115,21,181,153,"",111,NA,17,1801,527,FALSE,"Tuesday"
"528",528,528,2022-07-05,"15:07",682,11,0,65,12,"",65,NA,1,645,528,FALSE,"Tuesday"
"529",529,529,2022-07-06,"15:07",1630,45,6,118,52,"No, it's the Gemeinsamesdasein Spot, a metaphysical concept described in German philosophy, like Heidegger.",118,NA,1,1512,529,FALSE,"Wednesday"
"530",530,530,2022-07-06,"17:07",2393,41,11,148,53,"They can't keep getting away with it",124,24,1,2285,530,FALSE,"Wednesday"
"531",531,531,2022-07-06,"23:07",1146,13,1,46,18,"'luv meat
'luv dairy
'ate vegetables

Simple as",35,11,4,1074,531,FALSE,"Wednesday"
"532",532,532,2022-07-07,"09:07",930,26,8,85,34,"",52,32,0,873,532,FALSE,"Thursday"
"533",533,533,2022-07-07,"10:07",1257,42,8,54,50,"",31,23,0,1189,533,FALSE,"Thursday"
"534",534,534,2022-07-08,"11:07",3267,171,20,222,200,"Here at Philosophical Gym Bro, we are both",185,37,9,3197,534,FALSE,"Friday"
"535",535,535,2022-07-08,"17:07",1871,46,5,62,51,"",35,27,0,1746,535,FALSE,"Friday"
"536",536,536,2022-07-08,"22:07",996,9,1,26,10,"",17,9,0,936,536,FALSE,"Friday"
"537",537,537,2022-07-09,"09:07",2166,44,8,125,52,"",84,41,0,2085,537,FALSE,"Saturday"
"538",538,538,2022-07-09,"09:07",2022,25,3,126,34,"",105,21,6,1923,538,FALSE,"Saturday"
"539",539,539,2022-07-10,"11:07",2126,54,5,110,62,"Uhh based",87,23,3,2022,539,FALSE,"Sunday"
"540",540,540,2022-07-11,"14:07",1879,52,12,87,64,"",46,41,0,1799,540,FALSE,"Monday"
"541",541,541,2022-07-11,"22:07",1245,14,0,51,14,"",31,20,0,1155,541,FALSE,"Monday"
"542",542,542,2022-07-12,"22:07",1158,6,4,31,10,"",18,13,0,1086,542,FALSE,"Tuesday"
"543",543,543,2022-07-12,"23:07",3341,214,39,341,259,"",256,85,6,3187,543,FALSE,"Tuesday"
"544",544,544,2022-07-13,"08:07",2522,123,14,261,139,"",134,127,2,2405,544,FALSE,"Wednesday"
"545",545,545,2022-07-14,"22:07",2703,66,21,147,88,"",107,40,1,2535,545,FALSE,"Thursday"
"546",546,546,2022-07-16,"11:07",2047,39,14,82,53,"Reposting this classic",38,44,0,1946,546,FALSE,"Saturday"
"547",547,547,2022-07-16,"12:07",1752,24,5,61,29,"",40,21,0,1657,547,FALSE,"Saturday"
"548",548,548,2022-07-16,"13:07",858,7,1,17,10,"Downward into the abyss dog",15,2,2,814,548,FALSE,"Saturday"
"549",549,549,2022-07-17,"11:07",1486,20,3,34,23,"OC",19,15,0,1426,549,TRUE,"Sunday"
"550",550,550,2022-07-17,"14:07",1821,31,5,67,36,"",50,17,0,1770,550,FALSE,"Sunday"
"551",551,551,2022-07-01,"08:07",1267,6,0,82,7,"",61,21,1,1209,551,FALSE,"Friday"
"552",552,552,2022-10-09,"14:10",2055,78,7,149,85,"",70,79,0,2027,552,FALSE,"Sunday"
"553",553,553,2022-10-09,"17:10",2841,74,9,452,86,"",139,313,3,2723,553,FALSE,"Sunday"
"554",554,554,2022-10-09,"21:10",5025,169,22,305,207,"",163,142,16,4785,554,FALSE,"Sunday"
"555",555,555,2022-10-09,"23:10",5700,215,27,291,248,"And I love them all.",181,110,6,5426,555,FALSE,"Sunday"
"556",556,556,2022-10-10,"12:10",1429,10,0,48,10,"Showing up to freshman classes as a supersenior",29,18,0,1378,556,FALSE,"Monday"
"557",557,557,2022-10-10,"12:10",1289,36,0,147,38,"",147,NA,2,1221,557,FALSE,"Monday"
"558",558,558,2022-10-10,"13:10",4558,100,24,312,131,"OC",199,113,7,4340,558,TRUE,"Monday"
"559",559,559,2022-10-11,"23:10",757,11,0,91,12,"",91,NA,1,728,559,FALSE,"Tuesday"
"560",560,560,2022-10-12,"05:10",1411,5,0,92,6,"Being into the Harry Potter MBTI is redundant because it is already proof of being a slushbrain Hufflepuff
OC",50,42,1,1366,560,TRUE,"Wednesday"
"561",561,561,2022-10-13,"01:10",1975,36,5,64,46,"Life and death are a single breath.
You breathe in,
Then you breathe out.",64,NA,5,1880,561,FALSE,"Thursday"
"562",562,562,2022-10-13,"16:10",1411,17,2,80,19,"",51,29,0,1358,562,FALSE,"Thursday"
"563",563,563,2022-10-15,"14:10",3821,94,17,368,112,"",133,229,1,3630,563,FALSE,"Saturday"
"564",564,564,2022-10-20,"09:10",3238,78,9,324,91,"",172,152,4,3187,564,FALSE,"Thursday"
"565",565,565,2022-10-20,"17:10",2018,92,17,212,109,"",81,131,0,1948,565,FALSE,"Thursday"
"566",566,566,2022-10-20,"19:10",2863,65,8,259,80,"",129,127,7,2819,566,FALSE,"Thursday"
"567",567,567,2022-10-21,"16:10",1923,85,0,285,91,"",285,NA,6,1902,567,FALSE,"Friday"
"568",568,568,2022-10-21,"20:10",2566,60,14,222,74,"",69,153,0,2514,568,FALSE,"Friday"
"569",569,569,2022-10-21,"20:10",2731,82,10,350,93,"",202,148,1,2693,569,FALSE,"Friday"
"570",570,570,2022-10-21,"20:10",95313,1998,298,9804,2363,"OC",3772,6032,67,93755,570,TRUE,"Friday"
"571",571,571,2022-10-22,"11:10",2136,43,3,157,47,"OC",118,39,1,2077,571,TRUE,"Saturday"
"572",572,572,2022-10-23,"17:10",3906,147,26,521,176,"",165,350,3,3802,572,FALSE,"Sunday"
"573",573,573,2022-10-23,"17:10",3432,156,19,310,175,"",139,171,0,3381,573,FALSE,"Sunday"
"574",574,574,2022-10-24,"14:10",1880,31,4,257,36,"",103,154,1,1830,574,FALSE,"Monday"
"575",575,575,2022-10-26,"12:10",952,16,1,14,17,"The two figures in the background represent his internal demons, mocking him for his ignorance.",4,10,0,896,575,TRUE,"Wednesday"
"576",576,576,2022-10-26,"16:10",1752,43,3,347,47,"",92,255,1,1739,576,FALSE,"Wednesday"
"577",577,577,2022-10-26,"22:10",6513,198,27,492,238,"OC. I believe this quote comes from Seminar 22...",307,185,13,6333,577,TRUE,"Wednesday"
"578",578,578,2022-10-27,"13:10",4839,334,69,597,415,"",286,311,12,4704,578,FALSE,"Thursday"
"579",579,579,2022-10-27,"16:10",9424,271,46,3055,385,"Semi-Autobiographical O.C.",2042,1012,68,9424,579,TRUE,"Thursday"
"580",580,580,2022-10-28,"05:10",347,15,1,29,17,"OC",27,2,1,329,580,TRUE,"Friday"
"581",581,581,2022-10-29,"05:10",272,21,0,30,22,"Submitted by a fan",30,NA,1,248,581,FALSE,"Saturday"
"582",582,582,2022-10-30,"01:10",2000,26,3,53,29,"",25,28,0,2000,582,FALSE,"Sunday"
"583",583,583,2022-11-01,"12:11",1900,17,3,70,20,"",29,41,0,1842,583,FALSE,"Tuesday"
"584",584,584,2022-11-01,"20:11",1444,53,9,113,62,"",51,62,0,1432,584,FALSE,"Tuesday"
"585",585,585,2022-11-02,"05:11",4286,176,23,400,213,"OC",236,164,14,4286,585,TRUE,"Wednesday"
"586",586,586,2022-11-03,"05:11",1294,29,2,56,34,"Not pictured: Me complaining about automated chashiers literally everytime I go to the store
OC",41,15,3,1290,586,TRUE,"Thursday"
"587",587,587,2022-11-04,"10:11",14253,624,86,813,743,"OC",515,298,33,13176,587,TRUE,"Friday"
"588",588,588,2022-11-04,"14:11",1952,59,4,109,66,"",61,48,3,1941,588,FALSE,"Friday"
"589",589,589,2022-11-04,"18:11",2354,24,3,209,28,"",80,116,1,2301,589,FALSE,"Friday"
"590",590,590,2022-11-05,"04:11",3014,66,14,158,83,"OC",97,61,3,2963,590,TRUE,"Saturday"
"591",591,591,2022-11-05,"15:11",3329,154,23,223,178,"",102,121,1,3240,591,FALSE,"Saturday"
"592",592,592,2022-11-05,"21:11",3439,59,9,639,74,"I like that this is not even a bad playlist",123,516,6,3391,592,FALSE,"Saturday"
"593",593,593,2022-11-05,"21:11",2031,43,5,112,48,"",45,67,0,1998,593,FALSE,"Saturday"
"594",594,594,2022-11-05,"22:11",1035,21,2,41,23,"",20,21,0,1011,594,FALSE,"Saturday"
"595",595,595,2022-11-05,"22:11",574,5,1,5,6,"OC",4,1,0,563,595,TRUE,"Saturday"
"596",596,596,2022-11-06,"08:11",9001,249,33,1580,298,"O.c. submitted by one of it coolest fans.",277,1303,16,8592,596,TRUE,"Sunday"
"597",597,597,2022-11-06,"14:11",1985,31,12,99,43,"",42,56,0,1907,597,FALSE,"Sunday"
"598",598,598,2022-11-07,"04:11",7169,124,11,1169,137,"OC",97,1072,2,6947,598,TRUE,"Monday"
"599",599,599,2022-11-07,"11:11",1055,25,0,112,26,"",112,NA,1,1039,599,FALSE,"Monday"
"600",600,600,2022-11-07,"18:11",5398,167,25,133,196,"Low-hanging Fruit O.C.",39,94,4,5387,600,TRUE,"Monday"
"601",601,601,2022-11-09,"05:11",3670,46,6,1460,55,"OC",218,1242,3,3612,601,TRUE,"Wednesday"
"602",602,602,2022-11-09,"17:11",3602,83,11,816,94,"",65,751,0,3471,602,FALSE,"Wednesday"
"603",603,603,2022-11-09,"17:11",3007,78,11,165,89,"",69,96,0,2896,603,FALSE,"Wednesday"
"604",604,604,2022-11-09,"17:11",1649,23,3,75,26,"",28,47,0,1604,604,FALSE,"Wednesday"
"605",605,605,2022-11-10,"18:11",1479,35,5,149,41,"Bob Esponja a psyop to infect children with epicureanism?
It's more likely than you think.",104,45,1,1430,605,FALSE,"Thursday"
"606",606,606,2022-11-10,"19:11",1468,17,3,215,22,"Could one of y'all carry this over to our neighbors in Hell/unknowable angels Facebook?",33,182,2,1394,606,FALSE,"Thursday"
"607",607,607,2022-11-12,"18:11",1853,37,3,71,40,"",32,39,0,1772,607,FALSE,"Saturday"
"608",608,608,2022-11-14,"07:11",2449,55,9,124,66,"",63,61,2,2366,608,FALSE,"Monday"
"609",609,609,2022-11-15,"16:11",2375,72,7,60,85,"OC",26,34,6,2316,609,TRUE,"Tuesday"
"610",610,610,2022-11-16,"05:11",972,7,2,8,10,"OC",7,1,1,929,610,TRUE,"Wednesday"
"611",611,611,2022-11-16,"13:11",17234,709,185,1524,936,"Existence is weird",745,779,42,16926,611,FALSE,"Wednesday"
"612",612,612,2022-11-17,"13:11",2347,36,2,276,39,"",199,77,1,2322,612,FALSE,"Thursday"
"613",613,613,2022-11-17,"17:11",2082,60,2,121,63,"Golden past goes brrrrrr",50,71,1,2052,613,FALSE,"Thursday"
"614",614,614,2022-11-18,"23:11",1024,13,2,65,15,"",44,21,0,979,614,FALSE,"Friday"
"615",615,615,2022-11-19,"12:11",1133,37,0,102,37,"",102,NA,0,1108,615,FALSE,"Saturday"
"616",616,616,2022-11-19,"13:11",953,7,0,27,7,"",15,12,0,907,616,FALSE,"Saturday"
"617",617,617,2022-11-19,"17:11",2379,66,12,313,78,"Me trying to teach zoomers philosophy",134,179,0,2373,617,FALSE,"Saturday"
"618",618,618,2022-11-19,"21:11",1193,34,0,162,35,"",162,NA,1,1161,618,FALSE,"Saturday"
"619",619,619,2022-11-19,"22:11",728,5,0,16,5,"",11,5,0,683,619,FALSE,"Saturday"
"620",620,620,2022-11-21,"09:11",1371,49,0,149,49,"",148,NA,0,1303,620,FALSE,"Monday"
"621",621,621,2022-11-21,"22:11",2869,101,14,336,122,"OC",185,151,7,2772,621,TRUE,"Monday"
"622",622,622,2022-11-22,"11:11",719,6,0,38,6,"",38,NA,0,682,622,FALSE,"Tuesday"
"623",623,623,2022-11-22,"15:11",10130,143,39,1160,190,"OC",256,904,8,9758,623,TRUE,"Tuesday"
"624",624,624,2022-11-22,"19:11",2914,89,11,147,112,"o.c.",99,48,12,2761,624,FALSE,"Tuesday"
"625",625,625,2022-11-23,"16:11",2019,89,16,114,105,"",54,60,0,1980,625,FALSE,"Wednesday"
"626",626,626,2022-11-23,"21:11",20198,304,70,4160,464,"INTJ stare. that look of pure analyzing coupled with a slight sardonic smile that makes people uneasy",1530,2628,90,20198,626,FALSE,"Wednesday"
"627",627,627,2022-11-24,"09:11",2461,69,1,226,70,"Lots of protein today actually",142,84,0,2398,627,FALSE,"Thursday"
"628",628,628,2022-11-24,"09:11",1172,26,0,145,27,"",145,NA,1,1119,628,FALSE,"Thursday"
"629",629,629,2022-11-24,"22:11",1827,42,0,159,43,"Just bee yourself",159,NA,1,1779,629,FALSE,"Thursday"
"630",630,630,2022-11-27,"05:11",9092,261,44,768,310,"OC",521,247,5,8468,630,TRUE,"Sunday"
"631",631,631,2022-11-28,"20:11",1570,12,0,129,17,"",76,53,5,1528,631,FALSE,"Monday"
"632",632,632,2022-11-29,"04:11",1235,12,3,18,15,"OC",5,13,0,1191,632,TRUE,"Tuesday"
"633",633,633,2022-11-29,"13:11",2755,73,16,186,92,"Prayer is clown-to-clown communication",81,105,3,2726,633,FALSE,"Tuesday"
"634",634,634,2022-11-30,"15:11",8887,256,28,441,313,"O.C  from one of the Philosophical Gym Bro community.",302,139,29,8575,634,TRUE,"Wednesday"
"635",635,635,2022-12-01,"00:12",3347,124,26,350,153,"",164,186,3,3329,635,FALSE,"Thursday"
"636",636,636,2022-12-01,"05:12",1308,27,1,30,28,"OC",4,26,0,1262,636,TRUE,"Thursday"
"637",637,637,2022-12-01,"17:12",487,2,0,4,2,"https://www.youtube.com/watch?v=aFZ93aVQ6Qw
Merry December 1",NA,NA,0,444,637,FALSE,"Thursday"
"638",638,638,2022-12-03,"05:12",3312,73,21,86,96,"OC",50,36,2,3150,638,TRUE,"Saturday"
"639",639,639,2022-12-04,"09:12",2265,61,19,124,80,"",65,59,0,2243,639,FALSE,"Sunday"
"640",640,640,2022-12-04,"09:12",1224,26,6,49,32,"",24,25,0,1182,640,FALSE,"Sunday"
"641",641,641,2022-12-04,"14:12",3421,109,26,357,138,"",143,207,3,3421,641,FALSE,"Sunday"
"642",642,642,2022-12-05,"08:12",682,6,0,55,6,"But the important question is- What are the Pickles macros?",55,NA,0,620,642,FALSE,"Monday"
"643",643,643,2022-12-05,"22:12",1280,32,0,160,32,"",159,NA,0,1173,643,FALSE,"Monday"
"644",644,644,2022-12-06,"05:12",1181,17,1,18,18,"OC",5,13,0,1100,644,TRUE,"Tuesday"
"645",645,645,2022-12-06,"14:12",1130,6,2,17,8,"All numbers should be in scientific notation. No exceptions.",6,11,0,1066,645,FALSE,"Tuesday"
"646",646,646,2022-12-07,"12:12",3416,73,4,623,79,"",220,403,2,3221,646,FALSE,"Wednesday"
"647",647,647,2022-12-07,"20:12",4236,187,21,402,222,"",195,207,14,4120,647,FALSE,"Wednesday"
"648",648,648,2022-12-08,"14:12",1405,39,4,91,44,">Implying public hangings weren't peak entertainment for the whole family",55,36,1,1341,648,FALSE,"Thursday"
"649",649,649,2022-12-09,"05:12",2186,65,8,162,77,"OC",112,50,4,2101,649,TRUE,"Friday"
"650",650,650,2022-12-09,"10:12",3435,80,17,386,99,"",142,244,2,3334,650,FALSE,"Friday"
"651",651,651,2022-12-09,"10:12",2262,68,10,119,86,"Same, Japanese Space Jerry Seinfeld.
O.C.",74,45,8,2071,651,TRUE,"Friday"
"652",652,652,2022-12-11,"19:12",6539,226,41,576,276,"",314,262,9,6539,652,FALSE,"Sunday"
"653",653,653,2022-12-12,"08:12",12046,429,78,852,525,"",441,411,18,11629,653,FALSE,"Monday"
"654",654,654,2022-12-12,"17:12",2908,60,12,126,76,"",120,6,4,2730,654,FALSE,"Monday"
"655",655,655,2022-12-13,"05:12",709,12,1,10,13,"Pic taken in the wild. Didn't even notice Silent Spring hanging out on the side until just now.
OC",5,5,0,649,655,TRUE,"Tuesday"
"656",656,656,2022-12-13,"16:12",2265,23,0,199,23,"",84,115,0,2190,656,FALSE,"Tuesday"
"657",657,657,2022-12-13,"20:12",2577,65,15,107,88,"Some people have no idea how to maintain a healthy ecosystem with keystone predators in their bathrooms.",63,44,8,2487,657,FALSE,"Tuesday"
"658",658,658,2022-12-14,"00:12",1762,33,9,80,43,"",42,38,1,1709,658,FALSE,"Wednesday"
"659",659,659,2022-12-14,"09:12",2040,43,9,252,53,"",139,113,1,1930,659,FALSE,"Wednesday"
"660",660,660,2022-12-14,"17:12",2700,74,17,85,95,"O.C.",30,55,4,2507,660,TRUE,"Wednesday"
"661",661,661,2022-12-15,"05:12",1248,11,0,9,11,"*laughs in cnidarian*
OC",2,7,0,1189,661,TRUE,"Thursday"
"662",662,662,2022-12-16,"10:12",23823,1014,216,1522,1282,"O.C",896,626,52,22609,662,TRUE,"Friday"
"663",663,663,2022-12-17,"05:12",4034,59,5,1260,68,"OC",124,1136,4,3982,663,TRUE,"Saturday"
"664",664,664,2022-12-17,"15:12",7666,350,49,537,431,"",264,273,32,7157,664,FALSE,"Saturday"
"665",665,665,2022-12-19,"06:12",1693,38,4,55,42,"semi autobiographical O.C.",17,38,0,1526,665,TRUE,"Monday"
"666",666,666,2022-12-20,"16:12",735,26,2,59,28,"",32,27,0,689,666,FALSE,"Tuesday"
"667",667,667,2022-12-20,"16:12",1666,16,5,89,22,"",49,40,1,1552,667,FALSE,"Tuesday"
"668",668,668,2022-12-20,"18:12",2127,49,9,196,58,"",87,109,0,2068,668,FALSE,"Tuesday"
"669",669,669,2022-12-21,"11:12",2592,66,12,149,83,"",91,58,5,2518,669,FALSE,"Wednesday"
"670",670,670,2022-12-21,"21:12",11823,429,69,1195,527,"OC",479,716,29,11525,670,TRUE,"Wednesday"
"671",671,671,2022-12-22,"15:12",2222,45,12,116,60,"",71,45,3,2074,671,FALSE,"Thursday"
"672",672,672,2022-12-23,"16:12",3132,66,9,110,84,"Autobiographical O.C.",80,30,9,2811,672,TRUE,"Friday"
"673",673,673,2022-12-23,"19:12",3182,151,34,237,192,"",102,135,7,3054,673,FALSE,"Friday"
"674",674,674,2022-12-24,"09:12",1666,24,1,64,25,"",38,26,0,1604,674,FALSE,"Saturday"
"675",675,675,2022-12-27,"16:12",1257,3,0,17,3,"",11,6,0,1169,675,FALSE,"Tuesday"
"676",676,676,2022-12-29,"10:12",2976,50,16,242,67,"",77,165,1,2831,676,FALSE,"Thursday"
"677",677,677,2022-12-29,"22:12",5470,217,26,769,260,"The mood for my entire analytic philosophy class last semester",436,333,17,5442,677,FALSE,"Thursday"
"678",678,678,2022-12-29,"23:12",862,31,6,57,38,"",40,17,1,798,678,FALSE,"Thursday"
"679",679,679,2022-10-09,"13:10",1976,56,11,119,69,"Unironically sounds better than Ubik",46,73,2,1943,679,FALSE,"Sunday"
"680",680,680,2022-10-03,"05:10",3295,66,21,99,88,"OC",36,63,1,3173,680,TRUE,"Monday"
"681",681,681,2022-10-03,"12:10",1823,41,12,54,53,"I will not elaborate.",14,40,0,1789,681,FALSE,"Monday"
"682",682,682,2022-10-03,"21:10",2665,56,13,158,69,"",65,93,0,2566,682,FALSE,"Monday"
"683",683,683,2022-10-04,"14:10",2899,120,38,221,161,"",120,101,3,2707,683,FALSE,"Tuesday"
"684",684,684,2022-10-04,"21:10",8507,225,33,928,267,"How I talk about my favorite raccoon/modern psychologist.",415,513,9,7332,684,FALSE,"Tuesday"
"685",685,685,2022-10-05,"08:10",3418,84,9,190,100,"Homies be tripping.",98,92,7,3274,685,FALSE,"Wednesday"
"686",686,686,2022-10-06,"22:10",1369,27,3,133,30,"""When you're not working do they put you in a little box? Frens."" ""Frens""",35,98,0,1333,686,FALSE,"Thursday"
"687",687,687,2022-10-07,"09:10",740,11,1,8,12,"I'm terms of the Turing test- machines have become indistinguishable from sufficiently inauthentic and stupid people who say nonsense simply to have said something.",5,3,0,728,687,FALSE,"Friday"
"688",688,688,2022-10-07,"21:10",2211,38,5,104,47,"",64,40,4,2132,688,FALSE,"Friday"
"689",689,689,2022-10-07,"23:10",1491,56,10,127,67,"",50,77,1,1476,689,FALSE,"Friday"
"690",690,690,2022-10-08,"15:10",2214,52,1,131,53,"Fruedmin when he procrastinates staring into the abyss",63,68,0,2196,690,TRUE,"Saturday"
"691",691,691,2022-10-09,"10:10",5188,84,14,1540,99,"When Senpai notices you",223,1317,1,5188,691,FALSE,"Sunday"
"692",692,692,2022-10-09,"10:10",2025,50,2,89,55,"",65,24,3,1959,692,FALSE,"Sunday"
"693",693,693,2022-10-01,"05:10",1011,18,2,29,21,"OC",18,11,1,963,693,TRUE,"Saturday"
